,routing_processing_time_s,local_processing_time_s
0,0.0286,0.0071
1,0.0075,0.0054
2,0.0056,0.0043
3,0.0053,0.0057
4,0.0113,0.0098
5,0.0089,0.0074
6,0.0164,0.0136
7,0.008,0.0071
8,0.0088,0.006
9,0.0105,0.0116
10,0.0175,0.025
11,0.025,0.0085
12,0.0086,0.0084
13,0.0094,0.0117
14,0.0115,0.014
15,0.0264,0.0209
16,0.01,0.0099
17,0.0144,0.0109
18,0.014,0.0115
19,0.0094,0.0084
20,0.012,0.0071
21,0.011,0.014
22,0.0126,0.0158
23,0.0077,0.0069
24,0.0168,0.0206
25,0.0109,0.0144
26,0.0139,0.02
27,0.0204,0.0095
28,0.0114,0.0252
29,0.0126,0.0509
30,0.0322,0.0205
31,0.0398,0.0339
32,0.016,0.0117
33,0.0148,0.0367
34,0.0362,0.0267
35,0.04,0.0275
36,0.0108,0.0106
37,0.0293,0.0367
38,0.0326,0.0192
39,0.0233,0.0118
40,0.0163,0.0301
41,0.0154,0.0191
42,0.0453,0.0445
43,0.05,0.037
44,0.0174,0.0247
45,0.0295,0.0252
46,0.0256,0.026
47,0.0262,0.021
48,0.0079,0.0368
49,0.0303,0.0258
50,0.0574,0.0426
51,0.0327,0.0493
52,0.0259,0.0522
53,0.0102,0.008
54,0.0472,0.0498
55,0.0396,0.0802
56,0.0172,0.0403
57,0.0292,0.0433
58,0.0252,0.0296
59,0.0274,0.0394
60,0.0522,0.0387
61,0.0445,0.0378
62,0.0084,0.0406
63,0.0465,0.0388
64,0.01,0.015
65,0.0368,0.0597
66,0.0612,0.12
67,0.057,0.0526
68,0.0177,0.0739
69,0.0381,0.0532
70,0.0306,0.0748
71,0.0685,0.0373
72,0.0154,0.0301
73,0.0398,0.0156
74,0.0321,0.0288
75,0.0383,0.0167
76,0.0179,0.0407
77,0.0897,0.0174
78,0.0314,0.0396
79,0.0528,0.07
80,0.0132,0.0191
81,0.068,0.0366
82,0.0377,0.0543
83,0.0661,0.0571
84,0.0528,0.0444
85,0.0172,0.0366
86,0.0576,0.0335
87,0.0406,0.0707
88,0.0331,0.0718
89,0.057,0.0328
90,0.0204,0.0166
91,0.0208,0.0435
92,0.046,0.0731
93,0.1182,0.0546
94,0.0228,0.0385
95,0.0283,0.0452
96,0.0357,0.0275
97,0.0341,0.042
98,0.0458,0.0567
99,0.0501,0.0428
100,0.0484,0.0328
101,0.0348,0.0257
102,0.0434,0.0249
103,0.0156,0.1197
104,0.0498,0.0247
105,0.0264,0.0152
106,0.0601,0.064
107,0.0678,0.0499
108,0.0222,0.0426
109,0.0713,0.0266
110,0.0496,0.0359
111,0.0482,0.0662
112,0.0362,0.0385
113,0.0355,0.0699
114,0.0167,0.0154
115,0.0166,0.0273
116,0.0871,0.0821
117,0.0803,0.0512
118,0.0447,0.0348
119,0.0354,0.0283
120,0.072,0.0904
121,0.0449,0.0644
122,0.1092,0.0686
123,0.0186,0.0536
124,0.085,0.0857
125,0.0543,0.0395
126,0.0923,0.067
127,0.0183,0.0301
128,0.0631,0.0917
129,0.0875,0.0669
130,0.0319,0.0585
131,0.0668,0.0855
132,0.057,0.0944
133,0.1002,0.0853
134,0.0327,0.0324
135,0.0831,0.0698
136,0.0603,0.0644
137,0.0188,0.0523
138,0.1045,0.0498
139,0.092,0.1042
140,0.08,0.0436
141,0.0349,0.0554
142,0.1079,0.0742
143,0.0351,0.0949
144,0.0702,0.0661
145,0.0187,0.0459
146,0.1682,0.0664
147,0.0765,0.066
148,0.062,0.0331
149,0.0414,0.1171
150,0.0745,0.0892
151,0.1037,0.0636
152,0.0542,0.0982
153,0.1488,0.0817
154,0.0358,0.0755
155,0.0658,0.0638
156,0.0717,0.1193
157,0.1313,0.0878
158,0.0201,0.0196
159,0.0876,0.0833
160,0.1459,0.0468
161,0.0781,0.0357
162,0.0412,0.1002
163,0.0382,0.1297
164,0.3474,0.0946
165,0.0881,0.0774
166,0.0736,0.1104
167,0.1398,0.1224
168,0.1571,0.1187
169,0.0635,0.1373
170,0.0859,0.0372
171,0.0252,0.0375
172,0.105,0.1095
173,0.0756,0.0651
174,0.0971,0.1155
175,0.0247,0.0857
176,0.0807,0.1069
177,0.0705,0.0391
178,0.0956,0.0517
179,0.0429,0.0502
180,0.1378,0.1079
181,0.063,0.1218
182,0.0829,0.1194
183,0.0936,0.0889
184,0.1998,0.0739
185,0.1122,0.0923
186,0.0766,0.0846
187,0.0582,0.0894
188,0.1398,0.1232
189,0.0694,0.0897
190,0.1339,0.1738
191,0.0923,0.0866
192,0.0418,0.0297
193,0.157,0.1723
194,0.0754,0.0969
195,0.0636,0.0786
196,0.047,0.0981
197,0.1326,0.0953
198,0.097,0.0786
199,0.0703,0.2328
200,0.0611,0.1414
201,0.0982,0.0654
202,0.0559,0.0375
203,0.1517,0.0613
204,0.0463,0.0242
205,0.1138,0.0615
206,0.0582,0.0701
207,0.1233,0.109
208,0.0258,0.1116
209,0.0995,0.113
210,0.1562,0.1222
211,0.1011,0.1248
212,0.0475,0.1046
213,0.1155,0.0634
214,0.1469,0.0492
215,0.0758,0.1955
216,0.1283,0.1336
217,0.0273,0.1024
218,0.2833,0.1702
219,0.0641,0.0388
220,0.1197,0.0525
221,0.0645,0.1374
222,0.1096,0.0307
223,0.0912,0.082
224,0.0842,0.1483
225,0.054,0.0838
226,0.1488,0.1212
227,0.0704,0.2454
228,0.1076,0.0945
229,0.03,0.0754
230,0.1531,0.2226
231,0.0909,0.0845
232,0.1315,0.1143
233,0.2155,0.1512
234,0.1252,0.1532
235,0.1257,0.1899
236,0.125,0.0995
237,0.081,0.0292
238,0.1228,0.2741
239,0.1229,0.1292
240,0.0752,0.1489
241,0.0669,0.2305
242,0.1302,0.12
243,0.1047,0.1328
244,0.1309,0.0947
245,0.0567,0.0975
246,0.1699,0.3021
247,0.0621,0.1759
248,0.0806,0.0926
249,0.1031,0.1595
250,0.1212,0.1303
251,0.091,0.1571
252,0.1322,0.1531
253,0.0363,0.1427
254,0.1891,0.0719
255,0.0872,0.0639
256,0.1493,0.1262
257,0.064,0.1452
258,0.1684,0.1527
259,0.0939,0.3563
260,0.0742,0.1321
261,0.0529,0.1475
262,0.3402,0.1308
263,0.0801,0.0283
264,0.0724,0.2048
265,0.234,0.0772
266,0.1363,0.1546
267,0.0899,0.098
268,0.1218,0.1454
269,0.1193,0.1793
270,0.3138,0.0578
271,0.3036,0.1084
272,0.2475,0.2032
273,0.06,0.1436
274,0.1809,0.2528
275,0.1273,0.0716
276,0.091,0.1209
277,0.0342,0.0316
278,0.2293,0.2007
279,0.1136,0.1084
280,0.1204,0.3445
281,0.0431,0.195
282,0.0908,0.0929
283,0.2524,0.2116
284,0.0797,0.0696
285,0.1013,0.1647
286,0.0398,0.109
287,0.1688,0.0966
288,0.0895,0.1348
289,0.1272,0.1706
290,0.0378,0.1008
291,0.0638,0.2919
292,0.2755,0.1092
293,0.0679,0.0756
294,0.0922,0.379
295,0.0323,0.1144
296,0.156,0.0767
297,0.091,0.1869
298,0.1246,0.0698
299,0.0534,0.1929
300,0.3126,0.2553
301,0.1591,0.2504
302,0.0776,0.0868
303,0.0439,0.096
304,0.2307,0.2301
305,0.1283,0.2114
306,0.1159,0.2927
307,0.2842,0.0726
308,0.305,0.1327
309,0.0684,0.0664
310,0.0856,0.189
311,0.1386,0.1127
312,0.1615,0.0614
313,0.1064,0.1352
314,0.1316,0.0677
315,0.0375,0.0843
316,0.1933,0.3006
317,0.1119,0.0679
318,0.1105,0.0767
319,0.0412,0.2627
320,0.2518,0.1285
321,0.0724,0.0851
322,0.0852,0.4202
323,0.0796,0.12
324,0.2015,0.1505
325,0.1563,0.084
326,0.1082,0.083
327,0.0554,0.1732
328,0.387,0.091
329,0.0744,0.1115
330,0.229,0.2314
331,0.0729,0.1127
332,0.1848,0.3036
333,0.1383,0.1854
334,0.1051,0.1606
335,0.1581,0.0675
336,0.176,0.088
337,0.0746,0.2658
338,0.1268,0.1975
339,0.0693,0.055
340,0.4858,0.2585
341,0.0912,0.1361
342,0.1441,0.1522
343,0.1172,0.0706
344,0.2266,0.1323
345,0.2063,0.2585
346,0.1275,0.07
347,0.1155,0.2586
348,0.2165,0.3021
349,0.1925,0.1841
350,0.1055,0.2212
351,0.1142,0.2285
352,0.4855,0.1784
353,0.0787,0.1784
354,0.1869,0.1799
355,0.0426,0.1637
356,0.4457,0.3482
357,0.0977,0.187
358,0.1581,0.2203
359,0.075,0.5039
360,0.2672,0.1293
361,0.177,0.2582
362,0.1001,0.089
363,0.1357,0.3035
364,0.2139,0.1489
365,0.1812,0.1759
366,0.1178,0.1496
367,0.062,0.1155
368,0.2843,0.1842
369,0.1122,0.1247
370,0.2163,0.2185
371,0.0453,0.0536
372,0.2046,0.6497
373,0.0849,0.0923
374,0.1144,0.2183
375,0.0753,0.3167
376,0.2119,0.1997
377,0.2383,0.3121
378,0.1101,0.1075
379,0.1856,0.174
380,0.2373,0.2948
381,0.1536,0.2949
382,0.1831,0.0679
383,0.0571,0.2029
384,0.3702,0.0799
385,0.0837,0.4424
386,0.1062,0.241
387,0.1048,0.3502
388,0.2134,0.3241
389,0.1375,0.2464
390,0.1746,0.19
391,0.0734,0.1186
392,0.2492,0.2792
393,0.1271,0.0788
394,0.2439,0.2303
395,0.0778,0.1283
396,0.7098,0.2658
397,0.2689,0.2091
398,0.1421,0.2916
399,0.0527,0.2599
400,0.3312,0.2356
401,0.1558,0.0758
402,0.1276,0.3672
403,0.1533,0.1056
404,0.2596,0.3302
405,0.1281,0.2547
406,0.202,0.272
407,0.0839,0.1374
408,0.3336,0.3536
409,0.1557,0.1677
410,0.3225,0.1254
411,0.0948,0.2572
412,0.264,0.2731
413,0.3606,0.2443
414,0.1173,0.2993
415,0.1584,0.2459
416,0.0787,0.1715
417,0.2954,0.2619
418,0.1598,0.3246
419,0.1436,0.1409
420,0.082,0.1495
421,0.434,0.1333
422,0.1222,0.4344
423,0.1322,0.2983
424,0.4022,0.1481
425,0.2441,0.3958
426,0.1277,0.0454
427,0.1212,0.2667
428,0.2087,0.0842
429,0.2275,0.2812
430,0.2906,0.3478
431,0.1075,0.3188
432,0.0667,0.1577
433,0.4222,0.1342
434,0.1709,0.2243
435,0.1466,0.279
436,0.1631,0.2286
437,0.3596,0.0878
438,0.0896,0.123
439,0.1789,0.2807
440,0.0817,0.1977
441,0.2852,0.2719
442,0.1421,0.2658
443,0.2014,0.2896
444,0.0705,0.0936
445,0.2929,0.3019
446,0.2593,0.0954
447,0.1709,0.4049
448,0.1768,0.1025
449,0.2712,0.1705
450,0.2389,0.2084
451,0.1902,0.1915
452,0.0785,0.3637
453,0.3407,0.1159
454,0.1353,0.2381
455,0.2881,0.2241
456,0.0903,0.1078
457,0.563,0.1999
458,0.1269,0.1937
459,0.2161,0.1371
460,0.1144,0.2722
461,0.3065,0.2818
462,0.2511,0.2525
463,0.307,0.1842
464,0.0498,0.0639
465,0.2598,0.3299
466,0.1403,0.1697
467,0.2241,0.1999
468,0.354,0.1946
469,0.2745,0.0477
470,0.1703,0.1676
471,0.1307,0.0497
472,0.1237,0.39
473,0.2536,0.1014
474,0.2842,0.3462
475,0.1671,0.1881
476,0.0661,0.3896
477,0.4477,0.2888
478,0.1056,0.5614
479,0.139,0.1656
480,0.0883,0.4551
481,0.3667,0.1763
482,0.1091,0.2431
483,0.23,0.282
484,0.1651,0.2898
485,0.3601,0.0547
486,0.1026,0.1246
487,0.3023,0.5467
488,0.166,0.3232
489,0.4454,0.2963
490,0.1915,0.1525
491,0.1683,0.1719
492,0.1387,0.1681
493,0.4526,0.4626
494,0.2368,0.302
495,0.3097,0.501
496,0.1936,0.2871
497,0.3184,0.2432
498,0.2021,0.3521
499,0.1352,0.231
500,0.12,0.0964
501,0.4015,0.1594
502,0.1082,0.3119
503,0.3775,0.2675
504,0.1297,0.1081
505,0.6098,0.0894
506,0.11,0.1999
507,0.1407,0.2704
508,0.0864,0.325
509,0.383,0.1428
510,0.1601,0.3152
511,0.1763,0.2038
512,0.109,0.2528
513,0.3081,0.3294
514,0.3529,0.3907
515,0.3134,0.1251
516,0.1273,0.1905
517,0.2797,0.1771
518,0.2246,0.321
519,0.2166,0.3988
520,0.1553,0.1635
521,0.4321,0.496
522,0.2606,0.3248
523,0.2509,0.159
524,0.1294,0.215
525,0.4529,0.1434
526,0.1755,0.3068
527,0.18,0.2579
528,0.1315,0.1725
529,0.6171,0.4078
530,0.2357,0.41
531,0.323,0.1361
532,0.2117,0.4821
533,0.4461,0.1577
534,0.2881,0.3191
535,0.1985,0.3354
536,0.2941,0.3255
537,0.3428,0.192
538,0.1911,0.4096
539,0.3453,0.132
540,0.157,0.0644
541,0.5974,0.1157
542,0.3618,0.2446
543,0.2765,0.3612
544,0.1541,0.1906
545,0.3272,0.5494
546,0.133,0.1619
547,0.3937,0.3035
548,0.094,0.3123
549,0.7192,0.3593
550,0.1795,0.4774
551,0.1367,0.4989
552,0.1898,0.3964
553,0.3703,0.4644
554,0.2438,0.4651
555,0.2237,0.3362
556,0.3809,0.3763
557,0.3617,0.2476
558,0.1511,0.2658
559,0.3131,0.1762
560,0.1678,0.376
561,0.4379,0.6193
562,0.4191,0.3459
563,0.3877,0.3633
564,0.1984,0.3681
565,0.3399,0.1829
566,0.4004,0.1698
567,0.4739,0.3796
568,0.2319,0.3914
569,0.6403,0.4985
570,0.2886,0.1594
571,0.1417,0.5046
572,0.179,0.1829
573,0.4728,0.4083
574,0.2122,0.5078
575,0.2781,0.3492
576,0.2284,0.1744
577,0.427,0.2299
578,0.1408,0.4902
579,0.2448,0.408
580,0.1349,0.3796
581,0.5519,0.4833
582,0.129,0.4672
583,0.2859,0.3423
584,0.254,0.2288
585,0.5489,0.2163
586,0.2128,0.562
587,0.2926,0.1997
588,0.0946,0.3005
589,0.3857,0.1392
590,0.2376,0.2856
591,0.2803,0.2854
592,0.0718,0.2633
593,0.473,0.7527
594,0.2537,0.1624
595,0.1808,0.4553
596,0.2855,0.4051
597,0.5254,0.2202
598,0.1701,0.2174
599,0.5956,0.3425
600,0.188,0.303
601,0.4897,0.59
602,0.3304,0.3635
603,0.3767,0.3475
604,0.1942,0.4835
605,0.4718,0.5671
606,0.2939,0.1748
607,0.2098,0.4551
608,0.0577,0.0759
609,0.3965,0.3233
610,0.1904,0.1757
611,0.316,0.4497
612,0.2119,0.5147
613,0.4296,0.1847
614,0.3637,0.4346
615,0.2752,0.1877
616,0.1663,0.0976
617,0.6875,0.1525
618,0.3022,0.1932
619,0.1701,0.2971
620,0.0818,0.2938
621,0.4957,0.7397
622,0.2973,0.3861
623,0.4779,0.2512
624,0.1008,0.4127
625,0.3961,0.2185
626,0.1661,0.4383
627,0.1996,0.4838
628,0.4089,0.4838
629,1.1271,0.5036
630,0.2444,0.2341
631,0.2464,0.6862
632,0.2452,0.1834
633,0.4913,0.5023
634,0.2539,0.559
635,0.3478,0.3727
636,0.0611,0.3169
637,0.5653,0.401
638,0.3671,0.4148
639,0.3406,0.4127
640,0.2999,0.566
641,0.8633,0.506
642,0.1897,0.5652
643,0.178,0.5276
644,0.2547,0.2449
645,0.6733,0.3401
646,0.1908,0.4161
647,0.5084,0.2381
648,0.0692,0.2162
649,0.8098,0.2931
650,0.1997,0.8893
651,0.2976,0.5577
652,0.1076,0.3813
653,0.4482,0.4862
654,0.508,0.3977
655,0.208,0.1904
656,0.1396,0.2363
657,0.7914,0.297
658,0.311,0.4044
659,0.3108,0.5076
660,0.0978,0.534
661,0.6502,0.2825
662,0.2055,0.4478
663,0.4275,0.2874
664,0.0695,0.104
665,0.6474,0.2275
666,0.2676,0.8625
667,0.2503,0.2287
668,0.3284,0.0979
669,0.5017,0.809
670,0.2176,0.299
671,0.3211,0.4895
672,0.1675,0.1991
673,0.9105,0.6574
674,0.3244,0.6413
675,0.263,0.6159
676,0.5163,0.5875
677,0.8871,0.542
678,0.3019,0.2725
679,0.3577,0.7178
680,0.5778,0.5571
681,0.6788,0.423
682,0.2937,0.4051
683,0.3591,0.3583
684,0.2862,0.1036
685,0.7163,0.3213
686,0.2168,0.306
687,0.48,0.0981
688,0.2394,0.1067
689,0.6664,0.2799
690,0.5057,0.2202
691,0.5558,0.351
692,0.0646,0.5234
693,0.4726,0.4412
694,0.4217,0.3696
695,0.1976,0.4273
696,0.1927,0.4525
697,0.766,0.429
698,0.4676,0.4193
699,0.2517,0.5163
700,0.1221,0.2467
701,0.8476,0.5398
702,0.279,0.3198
703,0.3419,0.5696
704,0.1036,0.3807
705,0.5103,0.8384
706,0.3932,0.4972
707,0.4038,0.2658
708,0.2113,0.3697
709,0.7331,0.6144
710,0.2868,0.1037
711,0.44,0.4125
712,0.5017,0.4584
713,0.9785,0.5251
714,0.4137,0.0777
715,0.5667,0.172
716,0.1067,0.3081
717,0.5346,0.4534
718,0.6751,0.3325
719,0.326,0.3341
720,0.1577,0.7715
721,0.4205,0.5361
722,0.2827,0.2162
723,0.7001,0.5989
724,0.2148,0.5201
725,0.5657,0.8221
726,0.2941,0.7557
727,0.2225,0.721
728,0.1168,0.4617
729,0.9177,0.5432
730,0.5359,0.2723
731,0.4641,0.5549
732,0.1147,0.2786
733,0.6612,1.1989
734,0.3228,0.4557
735,0.3379,0.4968
736,0.1285,1.0493
737,0.5008,0.299
738,0.3606,0.8187
739,0.2194,0.2028
740,0.246,0.2078
741,0.9698,0.7227
742,0.5602,0.2757
743,0.2226,0.752
744,0.0678,0.5334
745,1.0054,0.3943
746,0.3502,0.3351
747,0.3126,0.689
748,0.1048,0.2972
749,0.4908,0.5146
750,1.2992,0.5035
751,0.7428,0.5201
752,0.4124,0.6903
753,0.9969,0.1983
754,0.2236,0.3676
755,0.5646,0.3266
756,0.2909,0.29
757,0.7733,0.5489
758,0.2025,0.4735
759,0.6224,0.1867
760,0.3844,0.3629
761,0.7493,0.9562
762,0.3682,0.102
763,0.6013,0.6766
764,0.2395,0.3044
765,0.5862,0.2206
766,0.7737,0.4677
767,0.7551,0.756
768,0.0901,0.3943
769,0.5294,0.3882
770,0.5082,0.1677
771,0.495,0.4047
772,0.14,0.7515
773,1.0245,0.3628
774,0.2241,0.5139
775,0.241,0.4594
776,0.4469,0.215
777,1.1249,0.2584
778,0.2362,0.5884
779,0.3552,0.3194
780,0.3038,1.0565
781,0.613,0.6452
782,0.4495,0.7745
783,0.2909,0.3755
784,0.1789,0.7686
785,0.9831,0.5944
786,0.3166,0.2433
787,0.3964,0.5324
788,0.6609,0.4777
789,1.5018,0.1747
790,0.4001,0.5572
791,0.8699,0.6047
792,0.1996,0.52
793,0.7838,0.234
794,0.3168,0.6851
795,0.2025,0.1966
796,0.2767,0.2478
797,0.4851,0.7709
798,0.2918,0.204
799,0.4357,0.6026
800,0.0775,0.3112
801,0.9137,0.3394
802,0.2179,0.414
803,0.3239,0.3596
804,0.1296,1.0466
805,0.5315,0.9036
806,0.2235,0.2267
807,0.3669,0.5806
808,0.0852,0.5848
809,0.5567,1.0577
810,0.2645,0.2416
811,0.656,0.5579
812,0.1955,0.664
813,0.5308,0.8947
814,0.1866,0.2223
815,0.3975,0.1752
816,0.0922,0.2046
817,0.9048,0.7286
818,0.3449,0.7509
819,0.5705,0.4841
820,0.1137,0.2032
821,1.0562,0.226
822,0.2271,0.6059
823,0.4163,0.851
824,0.1467,0.2886
825,0.8072,1.0529
826,0.4819,0.3392
827,0.2806,0.6629
828,0.3705,0.5647
829,0.9804,0.2291
830,0.1958,0.1125
831,0.499,0.5371
832,0.1068,0.2843
833,0.7413,0.7911
834,0.2275,0.236
835,0.5075,0.5354
836,0.1786,0.6877
837,0.4981,0.4177
838,0.2418,0.2076
839,0.3301,0.583
840,0.0987,0.4654
841,0.7381,0.5844
842,0.4007,0.2109
843,0.5235,0.3175
844,0.1117,0.5551
845,0.6645,0.8509
846,0.2247,0.2465
847,0.6661,0.2656
848,0.2079,0.4071
849,0.9107,0.5454
850,0.4692,0.5701
851,0.2931,0.7803
852,0.1829,0.9823
853,0.8467,0.4414
854,0.2543,0.7817
855,0.2807,0.9039
856,0.3473,0.2114
857,0.9346,0.2372
858,0.3522,0.2871
859,0.3916,0.5838
860,0.1156,0.3468
861,0.8913,0.2424
862,0.4271,0.343
863,0.3313,0.6133
864,0.6065,0.1213
865,0.652,0.7021
866,0.4664,0.3041
867,0.278,0.333
868,0.0836,0.3477
869,0.9027,0.2218
870,0.5379,0.2547
871,0.2326,0.9011
872,0.1282,0.095
873,0.9989,0.298
874,0.3275,0.6755
875,0.37,0.6293
876,0.4093,1.2046
877,0.8679,0.7049
878,0.2275,1.0
879,0.3957,0.9664
880,0.4504,1.1182
881,0.7584,0.314
882,0.3498,0.5441
883,0.4398,0.2439
884,0.4078,0.4214
885,0.5452,0.5652
886,0.2306,0.5785
887,0.4338,0.3066
888,0.1308,0.2953
889,0.9127,0.5311
890,0.2723,0.4389
891,0.6671,0.2413
892,0.2119,0.5999
893,1.4277,0.4348
894,0.3182,0.1779
895,0.3687,0.59
896,0.3932,0.6998
897,1.144,1.0975
898,0.4945,0.5155
899,0.2618,0.6526
900,0.1042,0.2341
901,1.5178,0.2968
902,0.4191,0.552
903,0.2551,0.1232
904,0.2267,0.3026
905,0.9249,0.8516
906,0.3611,0.8559
907,0.5998,0.3764
908,0.1282,0.7511
909,0.9887,0.2877
910,0.2411,0.8507
911,0.424,0.2698
912,0.5299,0.672
913,1.2959,0.234
914,0.3812,0.612
915,0.2966,0.2731
916,0.4444,0.2895
917,1.0199,0.2856
918,0.2503,0.677
919,0.3226,0.0868
920,0.0849,0.2791
921,0.9869,0.5996
922,0.6484,0.1504
923,0.3148,0.1179
924,0.2112,0.8221
925,0.8225,0.3439
926,0.5762,0.5918
927,0.2939,0.7503
928,0.124,0.3035
929,0.8371,0.7912
930,0.4731,0.6072
931,0.7763,0.6762
932,0.2192,0.631
933,0.5846,1.0143
934,0.3316,0.339
935,0.4869,0.3194
936,0.0819,0.709
937,0.6063,0.6648
938,0.2701,0.3869
939,0.38,0.6142
940,0.1204,0.7418
941,0.7692,0.3252
942,0.4275,0.279
943,0.2681,0.9022
944,0.0905,0.789
945,1.2064,0.2854
946,0.5134,0.3081
947,0.5634,0.7077
948,0.1676,0.6042
949,0.6076,1.0649
950,0.2976,0.0807
951,0.3236,0.8646
952,0.1192,0.7885
953,0.8852,0.278
954,0.462,0.3186
955,0.74,0.6121
956,0.1514,0.7561
957,1.1299,0.3943
958,0.3075,0.6899
959,0.2754,0.7379
960,0.2036,0.2953
961,0.8515,0.3407
962,0.2681,0.4384
963,0.3428,0.6992
964,0.1846,0.2517
965,0.832,0.9581
966,0.5034,0.7605
967,0.2845,0.2501
968,0.1181,0.2383
969,0.7719,1.0082
970,0.3304,0.7583
971,0.2971,0.5417
972,0.2368,0.7792
973,0.7785,0.6835
974,0.5341,0.7756
975,0.4051,0.2542
976,0.4706,0.6136
977,1.21,0.2688
978,0.5671,0.6248
979,0.8041,1.0051
980,0.5317,0.9184
981,1.0688,0.6943
982,0.3887,0.7393
983,0.2961,0.2625
984,0.1674,0.9658
985,0.7408,0.6709
986,0.6243,0.877
987,0.2931,0.8513
988,0.1209,0.858
989,1.0829,0.2763
990,0.2672,0.8432
991,0.6317,0.758
992,0.1635,0.6886
993,0.7349,1.3249
994,0.3567,0.531
995,0.5376,0.5131
996,0.088,0.4893
997,0.6989,0.8204
998,0.5746,0.3454
999,0.5776,0.408
1000,0.1242,0.2952
1001,1.6606,0.2944
1002,0.2649,0.9332
1003,0.3122,0.9261
1004,0.2276,0.3048
1005,1.0069,0.6472
1006,0.9583,0.3188
1007,0.272,0.8574
1008,0.1298,0.307
1009,1.0708,0.3621
1010,0.2978,0.6941
1011,0.2968,0.2956
1012,0.8009,0.3755
1013,0.9868,0.3159
1014,0.4728,0.372
1015,0.5654,0.314
1016,0.4537,0.7577
1017,0.78,0.8403
1018,0.2972,0.6136
1019,0.3912,0.6914
1020,0.3009,0.6707
1021,1.5388,0.6758
1022,0.6802,0.6896
1023,0.6307,0.6968
1024,0.1702,0.7516
1025,1.6213,0.2516
1026,0.3009,0.7847
1027,0.4404,0.7163
1028,0.1557,0.5658
1029,0.7348,0.4235
1030,0.3066,0.6987
1031,0.4507,0.7115
1032,0.2322,0.1038
1033,0.7363,0.485
1034,0.3457,1.1865
1035,0.2859,0.8334
1036,0.3136,0.1319
1037,0.7343,1.1552
1038,0.2997,0.3028
1039,0.8375,0.4632
1040,0.1056,1.0134
1041,0.7219,0.177
1042,0.5985,1.04
1043,0.5614,0.3098
1044,0.7884,0.4464
1045,1.2403,0.2996
1046,0.2955,0.9154
1047,0.3328,0.3402
1048,0.2631,0.7088
1049,1.5733,0.3565
1050,0.9242,0.6979
1051,0.503,0.3127
1052,0.1823,0.5923
1053,0.9289,0.1725
1054,0.6539,1.0025
1055,0.3139,0.6061
1056,0.2669,0.2835
1057,1.0586,1.0115
1058,0.462,0.5595
1059,0.4196,0.3001
1060,0.135,0.7025
1061,1.4336,0.5956
1062,0.369,0.3292
1063,0.4737,1.0373
1064,0.1481,0.3304
1065,1.1571,0.2955
1066,0.544,0.2537
1067,0.3215,0.2928
1068,0.3587,0.7874
1069,1.3061,0.8135
1070,0.7395,0.2932
1071,0.2888,1.2402
1072,0.1119,0.3613
1073,1.0692,0.8012
1074,0.8068,0.7597
1075,0.9044,0.1256
1076,0.2041,1.0129
1077,1.0375,0.3549
1078,0.2812,0.3133
1079,0.5807,1.0248
1080,0.3597,1.2842
1081,0.7464,0.7775
1082,0.3405,1.1633
1083,0.599,1.2911
1084,0.1396,0.3161
1085,0.8899,0.4928
1086,0.4545,1.1928
1087,0.5698,0.8025
1088,0.3695,0.2857
1089,1.6003,0.5678
1090,0.476,0.7631
1091,0.3301,0.5269
1092,0.3017,0.2734
1093,1.0213,0.4442
1094,0.3236,1.2
1095,0.7025,0.2908
1096,0.8753,0.7516
1097,1.6422,1.1072
1098,0.836,0.4263
1099,0.8108,1.0248
1100,0.1913,0.9195
1101,0.9318,0.4986
1102,0.3004,1.554
1103,0.3449,0.4886
1104,0.1259,1.0864
1105,1.7445,0.8574
1106,0.7236,0.3159
1107,0.3469,1.0432
1108,0.1198,0.3671
1109,1.3572,0.8126
1110,0.7699,0.7767
1111,0.746,0.1511
1112,0.119,0.5205
1113,1.062,1.1502
1114,0.7472,0.7895
1115,0.5119,0.3019
1116,0.1399,0.77
1117,0.8385,1.0437
1118,0.3659,1.1961
1119,0.7838,1.0571
1120,0.1622,1.1892
1121,1.0624,0.1679
1122,0.4421,0.2841
1123,1.3104,0.3341
1124,0.1282,0.6681
1125,0.8149,0.9955
1126,0.3534,0.1113
1127,0.958,1.0606
1128,0.2063,0.9612
1129,1.6721,1.1092
1130,0.7397,0.348
1131,0.3402,1.5417
1132,0.168,0.8105
1133,1.276,0.5024
1134,0.3588,1.1283
1135,0.9789,0.788
1136,0.2742,0.3634
1137,1.5503,0.3096
1138,0.2992,0.9211
1139,0.3845,0.4935
1140,0.742,0.1452
1141,0.8395,0.4907
1142,0.3528,0.3551
1143,0.897,0.3443
1144,0.1649,0.6074
1145,1.1268,1.1369
1146,0.4882,1.1287
1147,0.5007,0.8823
1148,0.1705,0.3
1149,1.6965,0.8314
1150,0.7976,0.8718
1151,0.8085,0.8755
1152,0.2777,1.2658
1153,1.398,0.3038
1154,0.8127,0.8283
1155,0.5097,0.294
1156,0.1472,0.8168
1157,0.8397,1.0212
1158,0.4904,0.1369
1159,0.3629,1.0534
1160,0.1465,1.0996
1161,1.0114,0.372
1162,0.3403,1.0273
1163,0.3575,1.3567
1164,0.113,1.0106
1165,1.4095,0.5276
1166,0.5547,1.0153
1167,0.3382,0.2911
1168,0.2067,0.8821
1169,1.8344,0.9776
1170,0.3327,0.8277
1171,0.3251,0.1681
1172,0.1065,0.592
1173,0.8943,0.3495
1174,0.6005,0.2943
1175,0.7197,0.4268
1176,0.1415,1.6988
1177,1.029,1.4448
1178,0.3628,0.3525
1179,0.976,0.1856
1180,0.1052,0.4843
1181,1.0777,0.6526
1182,0.6176,0.1144
1183,1.0064,0.4275
1184,0.2684,1.6275
1185,1.0191,1.4903
1186,0.427,0.3542
1187,1.0869,0.3606
1188,0.272,0.3208
1189,1.1599,1.145
1190,0.4442,1.2112
1191,0.6562,1.5269
1192,0.3682,0.308
1193,1.4473,0.3347
1194,0.373,1.0951
1195,0.3546,0.3228
1196,1.0036,0.394
1197,1.5799,0.3641
1198,0.32,1.2073
1199,0.9123,0.5739
1200,0.1101,0.436
1201,1.3276,0.4955
1202,0.6061,1.4344
1203,0.9242,0.8862
1204,0.3476,0.8923
1205,1.1132,1.265
1206,0.6912,1.0318
1207,0.5583,1.111
1208,0.1463,1.2152
1209,1.2364,1.193
1210,0.9425,0.4601
1211,0.3273,0.6789
1212,0.2119,0.5252
1213,1.2546,0.567
1214,1.1262,0.4999
1215,0.5953,0.142
1216,0.3349,0.9796
1217,0.9896,1.49
1218,0.4853,1.5206
1219,0.493,0.8986
1220,0.2171,0.3829
1221,1.7889,0.488
1222,0.5621,0.3627
1223,1.2273,0.1409
1224,0.1409,2.119
1225,0.9684,1.2728
1226,0.4759,0.8499
1227,0.358,0.5359
1228,0.1596,0.752
1229,0.945,1.1299
1230,0.7464,0.4425
1231,1.0458,0.4921
1232,0.159,0.1228
1233,1.8867,0.34
1234,0.3419,0.7293
1235,0.6777,1.5344
1236,0.1488,0.1837
1237,1.7228,0.7354
1238,0.3896,1.4276
1239,0.4536,0.5555
1240,0.1323,1.6427
1241,1.3519,0.4517
1242,0.9065,1.3714
1243,0.946,0.8918
1244,0.5704,0.4017
1245,1.6401,0.414
1246,0.358,0.4055
1247,1.0171,0.3791
1248,0.2892,0.4446
1249,1.1876,0.9315
1250,0.4015,1.091
1251,0.7345,1.0023
1252,0.2123,1.4113
1253,1.3381,0.764
1254,0.5084,1.3571
1255,0.3564,1.0492
1256,0.32,0.37
1257,2.0472,0.4884
1258,1.0867,1.0087
1259,0.7795,0.9132
1260,0.7232,0.4177
1261,1.4942,1.0774
1262,0.3946,1.878
1263,0.746,0.426
1264,0.8795,1.1969
1265,2.0219,0.6792
1266,0.8598,0.9394
1267,1.0135,0.9792
1268,0.4093,1.3113
1269,1.8549,0.2721
1270,0.3668,1.1997
1271,0.4071,0.3348
1272,0.7873,0.9755
1273,1.5881,0.4086
1274,0.8249,0.5146
1275,0.449,0.9472
1276,0.1703,1.6212
1277,1.4536,1.1791
1278,0.9187,1.2112
1279,0.5562,0.2495
1280,0.1164,1.4001
1281,0.9156,1.2626
1282,0.6209,0.3784
1283,1.4955,0.4839
1284,0.127,0.4563
1285,1.1765,0.8409
1286,0.4101,0.5073
1287,1.1184,0.145
1288,0.3558,1.0793
1289,1.0688,0.639
1290,0.3643,1.5587
1291,0.7724,1.2674
1292,0.2327,0.4229
1293,2.2451,1.1032
1294,1.0362,0.9364
1295,1.0194,1.662
1296,0.4833,0.9458
1297,1.4401,1.4401
1298,0.9159,1.3978
1299,0.8749,1.1113
1300,0.6473,0.3528
1301,1.6692,1.0826
1302,0.4965,1.2673
1303,0.8397,1.4883
1304,0.4936,0.6054
1305,1.3491,1.3024
1306,1.1374,0.3803
1307,0.6035,0.7968
1308,0.1792,0.1403
1309,1.3945,1.3278
1310,0.549,0.6647
1311,0.4175,0.9559
1312,0.3467,0.3879
1313,1.6009,1.2851
1314,0.4579,0.9631
1315,0.5022,1.7733
1316,0.1986,1.9352
1317,1.6959,0.4164
1318,0.9379,0.7605
1319,0.4072,1.6284
1320,0.1304,0.389
1321,2.1614,1.2026
1322,1.15,0.3546
1323,0.4796,1.0948
1324,0.3707,1.3021
1325,2.2134,0.3812
1326,1.1456,1.2895
1327,0.7287,1.0319
1328,0.9303,1.05
1329,2.2891,1.1535
1330,1.5897,0.4077
1331,0.7268,0.976
1332,0.4997,1.2562
1333,2.0961,0.4932
1334,0.4272,1.2487
1335,0.7604,1.2274
1336,0.2071,0.142
1337,1.4154,0.3676
1338,1.1081,0.3633
1339,0.963,0.5416
1340,0.1687,1.466
1341,1.247,1.3723
1342,0.4288,1.6167
1343,1.4507,0.1381
1344,0.1326,0.2275
1345,1.9444,0.6337
1346,1.0502,0.66
1347,0.3954,1.2661
1348,0.2682,1.8168
1349,1.6715,1.2579
1350,1.2684,1.0986
1351,1.0149,0.2909
1352,0.1797,1.4285
1353,1.3974,1.4402
1354,1.0776,0.5286
1355,0.8666,1.0092
1356,0.4468,1.0338
1357,1.7414,0.6363
1358,0.6869,0.1578
1359,1.0014,1.4748
1360,0.7102,1.047
1361,1.4799,1.4435
1362,1.087,1.6843
1363,1.0003,1.0688
1364,0.5025,1.0246
1365,1.0705,1.5111
1366,0.7625,1.1083
1367,0.6095,0.8485
1368,0.178,1.9954
1369,2.1319,1.058
1370,1.4567,0.4068
1371,0.5555,0.8334
1372,0.1916,0.4242
1373,1.6952,1.5903
1374,1.2416,1.0344
1375,1.0445,1.078
1376,0.9249,0.5986
1377,2.1984,0.4211
1378,0.493,0.6113
1379,0.3897,1.8479
1380,0.224,1.1617
1381,1.5588,0.5364
1382,0.4143,0.8534
1383,0.4884,0.5778
1384,0.3597,0.5899
1385,1.3135,1.5637
1386,0.4868,1.7035
1387,1.1529,1.1376
1388,0.4622,0.1353
1389,1.5103,0.3862
1390,1.2234,1.3068
1391,1.0307,0.6388
1392,0.1926,1.5312
1393,2.7718,0.4302
1394,0.4287,1.4385
1395,1.066,0.7764
1396,0.3349,1.5122
1397,1.0581,1.4847
1398,0.7535,0.8041
1399,0.6777,0.5459
1400,0.1992,1.8607
1401,1.1415,1.5836
1402,0.984,1.1578
1403,0.4535,1.2203
1404,0.654,1.7365
1405,1.3559,0.699
1406,0.4955,1.9517
1407,1.1373,0.4344
1408,0.1475,0.7295
1409,1.3999,0.2111
1410,1.5067,0.9037
1411,0.4171,1.4517
1412,0.2576,1.0696
1413,1.5886,0.4008
1414,0.7007,0.62
1415,0.6828,1.3035
1416,0.1293,0.3777
1417,2.2814,1.1521
1418,1.5103,0.6264
1419,0.9618,1.9502
1420,0.4175,1.8217
1421,1.1035,1.7232
1422,0.665,0.612
1423,1.1507,0.6417
1424,0.1515,0.5757
1425,1.9284,0.872
1426,1.0092,1.1423
1427,0.4636,1.6994
1428,0.9105,0.7746
1429,1.1109,1.5143
1430,1.0684,1.2995
1431,0.4031,1.6961
1432,0.4094,1.0568
1433,1.1005,1.7008
1434,0.6169,1.4686
1435,0.9087,2.0022
1436,0.2443,1.2632
1437,1.2962,0.4602
1438,1.3675,1.3421
1439,1.5436,0.4463
1440,0.1874,1.4926
1441,1.5775,0.8596
1442,0.4414,1.5682
1443,0.8458,0.165
1444,0.1343,0.4975
1445,1.3197,1.3602
1446,0.5488,1.1137
1447,0.4499,1.6909
1448,0.248,1.1523
1449,2.488,0.6925
1450,1.5393,1.0876
1451,1.1187,1.3608
1452,0.7776,0.6537
1453,2.4598,1.2842
1454,1.4017,1.1316
1455,1.267,0.5021
1456,0.1552,0.5863
1457,1.4721,2.2248
1458,0.8496,1.3526
1459,1.0682,1.4524
1460,1.0098,1.1162
1461,1.5744,0.7391
1462,0.478,2.1704
1463,0.9779,0.5126
1464,1.0801,0.4192
1465,1.6509,1.7675
1466,1.0929,1.3914
1467,1.1332,1.2364
1468,1.0601,0.5742
1469,1.8268,0.3965
1470,1.0968,1.3343
1471,0.8499,1.3159
1472,0.9165,0.4248
1473,1.6961,1.6367
1474,0.9212,0.9136
1475,0.7719,0.777
1476,0.1786,0.7733
1477,1.7018,0.7214
1478,0.9379,1.8675
1479,1.1981,1.2007
1480,1.0462,0.5065
1481,2.7535,1.3209
1482,1.6237,0.4395
1483,0.5785,1.4115
1484,0.2383,1.1749
1485,2.2782,1.4582
1486,0.6409,1.5969
1487,0.5301,0.8166
1488,0.9448,0.6567
1489,2.9082,1.2487
1490,1.9414,1.4624
1491,1.5767,2.2027
1492,0.3088,0.5977
1493,2.2772,1.5752
1494,1.9831,1.2958
1495,1.3577,0.1798
1496,0.1449,0.7852
1497,1.7193,1.1172
1498,0.4417,0.5933
1499,1.3229,0.4587
1500,1.2956,0.4304
1501,2.606,1.5726
1502,1.0525,1.1816
1503,1.2185,0.4248
1504,0.2649,1.7384
1505,3.2751,0.4333
1506,1.5793,0.5119
1507,0.5128,2.461
1508,0.1503,2.3152
1509,1.6475,0.7583
1510,1.0135,0.149
1511,1.4239,1.4043
1512,1.3241,0.4394
1513,1.9195,1.2694
1514,0.6405,0.4943
1515,0.4702,1.8581
1516,0.186,1.3703
1517,3.0634,0.4439
1518,1.2557,0.6287
1519,0.6377,1.5843
1520,0.6131,1.846
1521,1.8014,2.305
1522,0.9849,1.199
1523,0.7537,0.6912
1524,1.3745,1.3034
1525,1.6962,0.5584
1526,1.2741,1.1842
1527,1.08,1.2393
1528,0.2551,1.6551
1529,1.449,0.7757
1530,0.585,0.5616
1531,0.785,0.7752
1532,0.9592,0.4452
1533,2.5977,1.5398
1534,1.4858,0.5705
1535,0.9908,0.8619
1536,0.3606,1.7588
1537,1.1938,1.8215
1538,0.9956,1.1681
1539,0.9832,1.8054
1540,1.044,1.6674
1541,2.0044,1.021
1542,0.9614,1.9226
1543,1.5919,1.0247
1544,0.1815,1.0952
1545,1.6023,1.8806
1546,1.6833,0.5075
1547,1.2081,0.822
1548,0.1395,0.4157
1549,2.5213,0.7649
1550,1.2812,1.3838
1551,0.9262,0.464
1552,0.261,1.9601
1553,3.0136,1.3631
1554,2.1616,0.4523
1555,0.8435,1.3018
1556,0.1571,2.2811
1557,1.2649,0.5775
1558,0.4775,2.7034
1559,1.1151,1.8362
1560,1.47,0.4713
1561,2.6393,0.6565
1562,0.703,0.568
1563,1.0553,0.8122
1564,1.9425,0.8135
1565,2.6924,0.4545
1566,0.5175,1.8935
1567,0.5085,0.1733
1568,0.4803,1.0822
1569,1.4179,2.3449
1570,0.8445,1.2538
1571,0.714,0.8964
1572,0.3608,1.8154
1573,1.5553,2.0559
1574,0.5173,1.2316
1575,0.5358,1.3657
1576,0.1848,3.3113
1577,1.4383,1.2866
1578,0.6708,1.8953
1579,1.2808,1.3955
1580,0.3224,1.7037
1581,1.5744,1.5061
1582,0.7013,1.3226
1583,0.7985,1.9422
1584,0.283,1.7523
1585,2.8736,1.0193
1586,0.5646,0.6273
1587,0.7645,0.4775
1588,0.4303,0.514
1589,2.1911,2.0755
1590,0.8579,0.8123
1591,0.4563,0.6287
1592,0.2604,0.8494
1593,2.2146,2.2175
1594,0.5786,1.1564
1595,0.4733,0.9986
1596,1.1119,1.4754
1597,2.0287,0.8355
1598,1.606,1.3623
1599,1.4643,0.4783
1600,0.2211,1.2948
1601,2.6815,1.2955
1602,1.9989,0.4811
1603,1.2423,0.6037
1604,1.0603,0.6728
1605,3.0717,0.1585
1606,0.4612,2.4713
1607,1.0304,1.907
1608,0.9144,0.1975
1609,2.1776,2.0889
1610,1.5989,0.8699
1611,1.1863,0.8555
1612,0.4023,1.2728
1613,2.3649,0.4783
1614,0.6464,1.4976
1615,1.3239,1.1704
1616,0.3718,1.275
1617,1.5251,2.8023
1618,1.2572,0.6643
1619,1.1134,1.5899
1620,0.7126,0.5333
1621,2.7436,2.0236
1622,1.3821,0.6894
1623,0.7929,1.857
1624,0.5802,1.8863
1625,1.6856,2.3338
1626,1.0392,1.9159
1627,1.0387,0.5412
1628,1.7967,1.4879
1629,2.2962,0.7963
1630,0.6638,1.9201
1631,1.4536,0.6661
1632,0.1882,1.0987
1633,1.6371,1.1763
1634,0.6564,1.2049
1635,0.6456,0.6491
1636,0.4977,0.5123
1637,2.2765,1.0213
1638,1.3086,0.6275
1639,1.1378,0.4876
1640,0.1566,1.3159
1641,2.1219,2.0529
1642,1.6222,0.9218
1643,0.6307,0.6496
1644,0.1767,2.7702
1645,1.8977,2.0855
1646,1.0573,1.4846
1647,1.5389,0.9523
1648,1.1234,0.6257
1649,2.6544,0.1754
1650,0.6425,1.5551
1651,1.3944,1.7226
1652,1.5107,2.4394
1653,2.0511,1.6271
1654,0.5153,2.096
1655,0.924,0.5536
1656,0.9224,1.2665
1657,1.4017,1.1748
1658,0.5427,2.9301
1659,0.5796,1.2058
1660,0.194,2.343
1661,2.8306,2.2925
1662,1.8905,0.7628
1663,1.3645,0.6798
1664,0.2583,2.2332
1665,3.3978,2.0193
1666,1.0173,0.1742
1667,0.8633,2.4038
1668,0.1505,2.1296
1669,2.0271,0.667
1670,1.5028,0.8198
1671,0.5563,2.8518
1672,0.2663,1.3812
1673,1.4709,1.1079
1674,0.8657,2.0596
1675,1.2923,0.9572
1676,0.1732,1.5962
1677,1.6007,1.5707
1678,0.7102,1.6428
1679,0.752,3.0729
1680,0.2632,2.0047
1681,2.5943,1.0424
1682,0.5425,2.1139
1683,1.2436,1.7604
1684,1.3545,1.3692
1685,2.3701,2.3066
1686,1.4839,2.1637
1687,1.8582,0.7283
1688,0.1692,0.2669
1689,1.7817,1.2406
1690,0.5317,2.1091
1691,1.2599,0.9052
1692,0.3324,1.3265
1693,3.3463,2.2885
1694,1.3287,0.9041
1695,0.9024,1.5342
1696,0.6964,1.9462
1697,1.7584,0.3071
1698,1.418,0.628
1699,1.1768,0.5726
1700,1.0423,0.5159
1701,3.0455,0.894
1702,1.3676,1.3679
1703,0.6671,2.4176
1704,0.2357,4.1624
1705,2.4896,1.6037
1706,0.9422,2.0638
1707,1.1111,1.8111
1708,1.5704,0.5655
1709,3.0962,0.3082
1710,1.6588,0.7884
1711,1.4488,1.5419
1712,1.0252,0.1987
1713,2.616,2.1879
1714,1.9924,0.6595
1715,0.6752,1.9887
1716,0.4849,0.6167
1717,1.5564,1.4999
1718,0.6297,0.6895
1719,1.2393,0.8791
1720,1.038,0.5385
1721,3.0303,0.2558
1722,0.6208,1.4609
1723,0.5316,2.0409
1724,0.3237,2.7931
1725,2.3132,2.6004
1726,0.7543,1.0256
1727,0.7382,0.9816
1728,0.2732,1.2078
1729,3.1083,2.74
1730,1.5195,1.969
1731,1.1887,0.5165
1732,0.4916,1.0948
1733,2.4347,0.7358
1734,1.4403,1.5907
1735,0.8429,2.2305
1736,0.4895,0.768
1737,3.5199,2.1405
1738,1.4485,2.4018
1739,1.5639,1.1278
1740,0.4108,2.7848
1741,2.5836,1.3846
1742,0.5933,1.4936
1743,0.538,0.276
1744,1.3204,0.6123
1745,2.4504,1.6346
1746,1.4036,1.0151
1747,1.0074,1.387
1748,0.1863,2.923
1749,3.7105,2.1273
1750,1.4039,1.7228
1751,1.5227,0.7794
1752,0.2685,1.233
1753,3.7618,0.5652
1754,1.2374,1.576
1755,1.7713,2.5188
1756,0.4851,3.0525
1757,1.7448,1.1074
1758,0.5703,1.0016
1759,1.3181,1.9106
1760,0.4809,2.182
1761,3.7408,1.8222
1762,2.0401,1.5693
1763,2.1043,2.7644
1764,0.881,1.6216
1765,2.9017,1.0309
1766,1.4916,2.5339
1767,1.3529,1.0472
1768,0.439,2.4828
1769,2.5283,0.2834
1770,1.5097,1.7553
1771,1.2735,2.1109
1772,0.3914,0.9419
1773,2.1888,3.1068
1774,0.6571,0.4522
1775,0.855,1.4838
1776,0.1645,0.1766
1777,3.2491,2.1531
1778,1.7595,0.5684
1779,1.3871,2.1386
1780,0.9322,0.5398
1781,3.229,0.9579
1782,2.0488,0.7223
1783,1.3875,3.2021
1784,0.2707,0.5773
1785,2.467,1.815
1786,0.8083,1.8519
1787,1.402,1.0588
1788,0.4256,1.7847
1789,2.496,2.0282
1790,2.0252,1.5225
1791,1.6297,1.1232
1792,0.486,0.8647
1793,3.6828,0.6535
1794,2.142,0.6202
1795,1.7871,2.0014
1796,1.1849,0.9561
1797,3.5465,2.1667
1798,1.8292,2.6394
1799,1.5744,4.4748
1800,0.225,2.5182
1801,3.7813,2.0075
1802,1.4836,2.2684
1803,1.8879,0.7856
1804,0.1649,1.3058
1805,1.8321,0.9438
1806,1.1384,1.4048
1807,1.6567,2.3166
1808,1.1126,1.8062
1809,2.1006,2.8628
1810,0.6097,2.6067
1811,1.5182,0.6141
1812,0.3075,1.596
1813,4.822,2.2376
1814,1.5914,0.5689
1815,0.8246,2.1112
1816,1.1204,0.5918
1817,3.6341,1.5679
1818,2.3227,3.0273
1819,1.2731,0.5956
1820,1.4708,1.6569
1821,2.7306,1.0257
1822,0.6598,0.7594
1823,1.9105,0.9224
1824,1.609,0.6054
1825,4.071,0.6361
1826,2.5988,1.6253
1827,2.0741,2.4103
1828,0.7417,0.7668
1829,3.0204,2.4677
1830,1.5958,0.8723
1831,1.2436,0.5269
1832,0.4146,2.3378
1833,2.7521,2.225
1834,0.6125,1.296
1835,0.6299,2.7618
1836,0.3569,2.3349
1837,2.4258,2.2166
1838,2.5964,2.8304
1839,1.3824,2.2341
1840,0.9466,0.5572
1841,3.4824,1.0695
1842,1.3476,3.579
1843,1.4478,2.2972
1844,1.3308,1.6066
1845,2.5013,1.0182
1846,0.8757,2.4998
1847,1.8797,0.8471
1848,1.5529,0.8833
1849,3.6116,3.5344
1850,0.5905,0.8979
1851,0.6278,3.7095
1852,1.2896,2.3598
1853,2.7012,1.3368
1854,1.0178,2.0246
1855,0.7378,2.5517
1856,0.7108,2.7705
1857,3.1755,1.9289
1858,1.537,2.4023
1859,1.2743,1.0132
1860,0.1931,0.6331
1861,2.9159,1.3086
1862,1.3966,0.6513
1863,2.3645,1.6966
1864,1.5101,0.5824
1865,4.0314,0.5752
1866,2.8952,1.6093
1867,2.0138,0.9261
1868,1.3697,2.0822
1869,3.0164,3.7572
1870,2.76,2.9265
1871,2.1286,1.0777
1872,0.1793,0.6466
1873,1.7096,2.3088
1874,1.3495,1.7157
1875,1.1286,1.237
1876,0.2147,2.5493
1877,3.3921,2.3296
1878,0.6613,3.6694
1879,2.3326,4.4409
1880,0.1931,0.6164
1881,2.4212,1.1545
1882,1.661,0.3088
1883,1.7649,2.3214
1884,0.2935,2.0098
1885,2.3688,1.429
1886,0.6245,3.1913
1887,2.0846,1.1854
1888,1.3093,1.6817
1889,3.0573,3.3907
1890,0.571,1.9313
1891,0.6369,3.6629
1892,0.3204,1.3192
1893,2.0998,3.7786
1894,1.1949,1.1034
1895,0.9628,2.6463
1896,0.2136,2.4613
1897,2.7648,1.079
1898,1.4415,1.0552
1899,2.6656,4.3295
1900,0.9233,0.7006
1901,3.4516,1.9754
1902,0.6037,2.3835
1903,1.5837,2.7785
1904,1.5941,0.8952
1905,3.0856,0.6695
1906,1.7443,0.6393
1907,1.4647,1.9591
1908,0.6505,1.5427
1909,3.0085,2.2772
1910,1.5687,1.7062
1911,1.1921,2.6424
1912,1.1115,0.6316
1913,3.4205,0.7777
1914,1.6365,0.6148
1915,1.3265,0.6104
1916,0.2788,1.5328
1917,1.8755,2.7497
1918,1.5542,0.8368
1919,1.2585,1.2746
1920,0.4728,1.7893
1921,2.0285,3.4229
1922,1.5643,2.4636
1923,1.1154,0.2958
1924,0.1767,0.9625
1925,2.2681,0.9935
1926,0.7281,1.7124
1927,1.8867,1.8339
1928,1.1064,2.7651
1929,3.6455,1.3036
1930,0.6749,1.9046
1931,0.7927,1.6663
1932,0.1769,0.5848
1933,2.5058,1.1374
1934,1.4228,1.7234
1935,1.443,1.5627
1936,0.9643,1.7911
1937,1.6975,2.56
1938,1.6304,2.4415
1939,1.5895,3.1416
1940,0.4385,2.6209
1941,3.7572,2.3201
1942,1.7009,0.2124
1943,0.7085,0.5215
1944,0.3189,3.2832
1945,3.7818,2.19
1946,2.6191,0.7658
1947,1.4161,2.0272
1948,0.7748,2.7745
1949,2.3572,3.1653
1950,1.4902,1.894
1951,1.1276,2.252
1952,0.5834,1.8214
1953,2.0257,3.3293
1954,1.7659,0.6134
1955,0.6213,0.8619
1956,0.1987,0.5904
1957,3.7216,0.5564
1958,2.401,0.6095
1959,1.5401,2.2239
1960,1.3159,1.6941
1961,2.8612,1.1559
1962,1.4938,2.3243
1963,1.2492,2.3367
1964,1.3259,0.6929
1965,3.5298,0.6395
1966,1.4411,2.4931
1967,1.7004,1.2423
1968,0.4839,1.3028
1969,1.7302,1.9384
1970,1.6165,2.3382
1971,1.8222,1.1206
1972,1.5687,0.6387
1973,4.163,2.9245
1974,1.7093,1.9894
1975,1.1998,0.3037
1976,1.0091,1.8135
1977,4.2845,2.4187
1978,1.6751,1.1912
1979,1.7547,0.7325
1980,1.2412,0.6182
1981,3.5369,0.9713
1982,0.8003,1.7155
1983,0.8561,1.8469
1984,0.1939,0.6955
1985,3.0567,1.5045
1986,1.4861,2.4834
1987,1.7009,0.6337
1988,1.6377,0.6081
1989,1.6679,3.7354
1990,1.7042,2.5183
1991,1.7382,0.1808
1992,0.5153,2.16
1993,2.8792,2.0873
1994,0.8044,2.457
1995,1.6184,0.4313
1996,0.2265,3.4258
1997,3.5731,0.7848
1998,1.6605,0.1887
1999,0.6067,2.6803
2000,0.3217,0.617
2001,2.9142,1.8099
2002,1.07,2.9277
2003,1.3403,1.7821
2004,0.3545,1.3455
2005,1.7385,2.191
2006,0.7569,2.8826
2007,1.3536,1.7118
2008,0.2385,2.9258
2009,4.1837,0.8179
2010,2.0205,0.7658
2011,2.1761,0.8059
2012,1.351,0.9471
2013,4.0383,0.8392
2014,2.0965,1.9584
2015,0.6689,0.3937
2016,0.396,0.8017
2017,2.2662,1.1767
2018,0.9103,2.9736
2019,1.8484,2.9447
2020,0.9418,0.8119
2021,2.7955,1.602
2022,0.8869,0.6731
2023,0.8944,1.1859
2024,0.3675,2.5145
2025,3.8681,2.3806
2026,1.7672,0.7582
2027,1.4807,3.1806
2028,0.2298,2.5101
2029,3.6787,1.5094
2030,1.6119,1.2021
2031,2.2158,1.8951
2032,1.6104,2.6907
2033,2.7792,0.7122
2034,0.6901,3.0629
2035,2.2734,0.3577
2036,0.5084,2.3037
2037,2.8932,0.8839
2038,1.5754,0.6553
2039,2.5511,0.6606
2040,0.3756,0.9373
2041,1.7236,2.8872
2042,1.7503,2.7585
2043,2.2041,1.8015
2044,1.9773,0.6358
2045,3.0401,1.201
2046,1.6124,1.9706
2047,1.0913,0.8579
2048,0.4295,0.2261
2049,3.9181,1.1206
2050,1.622,3.4802
2051,1.7123,1.2529
2052,0.7986,1.9257
2053,1.7007,3.3627
2054,1.7356,2.2378
2055,2.8921,2.9138
2056,0.6776,3.8001
2057,3.7322,3.8242
2058,0.6745,1.7937
2059,0.6772,1.9843
2060,0.229,0.8152
2061,1.731,1.519
2062,0.8781,0.4322
2063,1.5043,2.7221
2064,1.6147,0.7679
2065,3.8308,0.8783
2066,1.5429,3.2753
2067,0.6911,1.275
2068,0.4822,1.0061
2069,2.9303,1.4624
2070,0.6813,1.322
2071,0.6796,0.6137
2072,1.4022,0.692
2073,2.7212,2.7699
2074,0.7773,2.3582
2075,1.4813,0.484
2076,0.2348,0.6478
2077,2.616,2.2077
2078,2.4739,1.9007
2079,1.4433,2.6527
2080,0.5608,3.1087
2081,2.3138,3.7662
2082,1.0686,0.6903
2083,1.1477,2.245
2084,0.5765,3.3612
2085,3.696,0.9503
2086,0.7843,1.0229
2087,2.397,1.6552
2088,0.5869,1.8171
2089,1.8491,2.2581
2090,1.4855,2.5968
2091,2.0378,1.3619
2092,1.3724,1.094
2093,2.5642,2.2648
2094,0.8207,3.3003
2095,1.4396,1.9271
2096,1.911,2.8434
2097,2.8491,1.129
2098,0.7583,1.9549
2099,1.5322,2.1954
2100,0.3488,1.3316
2101,3.9467,2.7807
2102,1.8386,2.5288
2103,2.7993,0.8972
2104,1.4986,2.3226
2105,3.5547,0.6868
2106,1.8817,0.2376
2107,0.7189,2.856
2108,0.2062,0.7329
2109,3.1928,1.7348
2110,0.8005,2.833
2111,1.8323,1.7134
2112,0.3482,2.8104
2113,2.6303,2.5462
2114,1.2852,1.8688
2115,0.7122,2.1572
2116,0.2641,0.8352
2117,2.7726,3.4587
2118,2.3454,0.9505
2119,2.1759,0.9631
2120,1.3708,0.7862
2121,2.6184,3.2392
2122,2.1278,2.2244
2123,1.654,3.5412
2124,0.4273,2.6401
2125,3.7117,2.9606
2126,2.4231,1.7067
2127,1.8974,1.61
2128,0.8788,2.3607
2129,1.7951,2.2534
2130,1.4133,2.4042
2131,0.778,2.3845
2132,1.6304,0.6926
2133,3.5214,1.1282
2134,1.8415,0.6827
2135,2.904,0.7217
2136,1.3627,0.6999
2137,2.6904,0.6035
2138,1.7113,2.1707
2139,1.8091,0.9302
2140,0.4377,0.6886
2141,2.933,1.7275
2142,2.532,0.6697
2143,3.3486,3.2546
2144,0.7189,0.915
2145,2.3833,1.2951
2146,1.9569,1.9697
2147,1.0059,2.3935
2148,1.3439,1.788
2149,2.8809,3.4779
2150,0.9577,2.0032
2151,1.6844,0.7193
2152,0.4677,1.5269
2153,2.8002,3.1383
2154,2.3333,2.4733
2155,1.983,2.688
2156,1.8563,2.648
2157,2.1937,1.1833
2158,0.7187,2.7957
2159,2.0938,1.3267
2160,1.6595,1.2913
2161,3.0348,0.7168
2162,1.856,3.3912
2163,2.2796,0.2436
2164,0.2273,1.8267
2165,1.7903,2.073
2166,1.409,2.4273
2167,0.805,2.1505
2168,0.2453,2.6836
2169,3.6015,1.3537
2170,1.9886,1.3146
2171,1.949,0.8061
2172,1.4148,1.7702
2173,3.0875,3.0389
2174,2.2535,0.6598
2175,0.7908,2.8844
2176,0.2623,3.6794
2177,3.29,1.2211
2178,1.3464,1.3869
2179,1.2773,2.1007
2180,1.43,3.1531
2181,2.628,1.4555
2182,2.2477,1.3732
2183,1.7734,2.5073
2184,0.2479,0.2178
2185,4.2452,2.9758
2186,1.2352,0.4452
2187,1.4563,2.3859
2188,1.7495,2.7085
2189,2.7653,3.5392
2190,2.4875,1.2885
2191,2.5814,0.7913
2192,0.229,3.6892
2193,4.0133,1.2208
2194,1.6836,2.0508
2195,2.0731,1.0135
2196,1.5612,1.4384
2197,3.4036,2.0021
2198,2.266,0.2615
2199,0.8888,3.4314
2200,0.2515,3.4734
2201,3.2769,2.3904
2202,2.2879,0.893
2203,1.3265,3.0346
2204,0.2505,0.9215
2205,1.9295,1.3547
2206,2.1076,2.5288
2207,2.1399,2.4338
2208,1.4068,0.7496
2209,2.4696,1.6572
2210,1.2448,2.4581
2211,2.1269,1.3627
2212,1.6474,2.4263
2213,2.9052,0.4223
2214,1.9303,2.255
2215,1.945,1.8075
2216,0.2576,1.7625
2217,3.7304,1.7772
2218,2.7963,0.7479
2219,1.4978,2.8015
2220,1.9166,4.581
2221,3.7669,2.9699
2222,1.9488,0.9338
2223,1.0248,0.8117
2224,0.414,1.9023
2225,4.4796,2.7638
2226,2.4865,0.2592
2227,1.9395,0.7833
2228,0.7162,1.3808
2229,2.2711,2.2732
2230,0.9519,2.2493
2231,1.2301,1.1353
2232,0.5666,3.0425
2233,2.7751,1.7541
2234,0.7565,2.8129
2235,1.9603,2.3906
2236,1.6938,1.7926
2237,3.1856,3.0168
2238,2.0174,3.1188
2239,1.9569,0.2391
2240,0.8467,0.9448
2241,3.0753,0.8594
2242,3.2445,1.8047
2243,2.5757,2.2079
2244,1.8701,2.3404
2245,2.9059,3.5207
2246,1.1797,1.4247
2247,2.5464,1.2473
2248,1.6475,2.006
2249,3.1672,2.4933
2250,0.9452,3.4743
2251,1.1411,2.5845
2252,0.7672,1.3019
2253,4.2765,2.8606
2254,2.361,1.8475
2255,2.256,1.3788
2256,0.6152,1.2746
2257,3.181,0.4598
2258,0.8604,2.2986
2259,1.9249,2.405
2260,0.6199,3.5023
2261,4.1885,0.7751
2262,1.505,2.5145
2263,1.605,0.8262
2264,2.1692,0.7583
2265,3.9751,1.1607
2266,2.5223,0.7778
2267,1.4816,0.8366
2268,1.4676,2.765
2269,2.2335,1.1634
2270,1.1618,2.7353
2271,1.3987,2.1884
2272,0.6633,0.2472
2273,3.828,4.3188
2274,0.7777,1.8018
2275,0.7531,1.7994
2276,0.2564,3.9265
2277,4.5399,2.5597
2278,1.5367,1.86
2279,1.6448,0.8076
2280,0.2542,2.572
2281,3.0729,0.7804
2282,1.4044,0.7766
2283,2.9283,2.4216
2284,0.7999,1.9994
2285,2.7065,0.2649
2286,1.071,2.2732
2287,2.3988,1.163
2288,1.564,0.7916
2289,4.4713,0.7845
2290,1.6521,0.8116
2291,2.9196,1.9931
2292,1.6409,0.7983
2293,2.7678,2.2533
2294,1.4737,2.4743
2295,0.922,1.5096
2296,0.8326,3.7683
2297,4.3973,2.7783
2298,1.3451,2.0665
2299,2.6316,2.6697
2300,0.9722,3.6668
2301,4.3422,2.6245
2302,1.3638,2.5832
2303,2.44,0.8004
2304,0.4046,1.3567
2305,4.0825,0.739
2306,1.7993,1.7674
2307,2.0055,4.4176
2308,0.228,0.8253
2309,2.7899,3.3043
2310,1.274,2.1802
2311,1.4598,1.7557
2312,1.5072,3.429
2313,2.0997,2.1675
2314,0.8064,2.5574
2315,0.8106,3.3799
2316,0.2847,0.6754
2317,2.6,1.2373
2318,1.2128,1.9161
2319,1.8484,2.7535
2320,2.0383,1.9161
2321,2.8929,2.5611
2322,1.3392,2.7022
2323,1.2019,2.6147
2324,0.2684,1.8019
2325,3.463,2.6163
2326,0.909,2.8721
2327,0.8003,1.2205
2328,0.4872,2.0564
2329,4.6043,0.8191
2330,2.5891,3.2705
2331,1.7334,2.7743
2332,1.5341,1.8629
2333,2.845,3.3789
2334,1.4532,2.1113
2335,2.4608,1.59
2336,0.8703,0.2711
2337,4.3386,0.8078
2338,2.1645,2.6475
2339,1.7143,2.4008
2340,2.1848,0.8377
2341,3.2303,1.5202
2342,1.5974,0.2302
2343,0.8036,2.1936
2344,0.2284,1.2813
2345,2.4465,1.8731
2346,0.8885,3.6221
2347,1.7482,0.8229
2348,0.7076,3.0448
2349,3.3188,2.5575
2350,1.2029,2.5756
2351,1.3079,1.2756
2352,0.381,2.1542
2353,4.4867,0.2586
2354,1.841,1.022
2355,1.0368,0.2536
2356,0.7549,0.8409
2357,3.2027,2.0962
2358,0.9387,1.1817
2359,0.8502,2.6577
2360,0.2826,1.9889
2361,3.6709,2.7153
2362,1.3149,3.7152
2363,1.7731,1.4169
2364,1.6036,2.0659
2365,2.6649,3.456
2366,1.9511,3.0143
2367,0.8293,2.8666
2368,0.7168,3.453
2369,3.7492,0.8326
2370,1.7391,0.8259
2371,2.7561,1.0282
2372,0.4278,2.259
2373,3.275,2.0521
2374,2.8966,2.5958
2375,1.4895,3.4646
2376,1.7908,1.3295
2377,2.6953,0.7354
2378,1.9254,1.3769
2379,2.6646,2.462
2380,0.686,2.5845
2381,3.4947,3.4703
2382,1.3988,2.3773
2383,2.4846,1.9915
2384,2.2486,0.2601
2385,4.2371,1.3056
2386,1.3815,2.5663
2387,0.9374,1.9179
2388,0.2731,2.4159
2389,2.0381,2.6025
2390,1.381,2.2473
2391,1.2842,3.5031
2392,1.683,3.5578
2393,2.2542,2.0666
2394,1.5965,2.1273
2395,1.2694,3.8983
2396,0.8959,3.2887
2397,3.2992,2.358
2398,0.9561,1.6398
2399,0.8358,2.3171
2400,0.3913,2.7149
2401,4.2606,1.513
2402,2.5557,3.4132
2403,1.8425,1.3154
2404,1.5505,1.8537
2405,2.3936,2.6829
2406,1.3553,3.514
2407,2.0575,0.3075
2408,0.319,3.4783
2409,3.8249,0.8294
2410,2.5234,3.4995
2411,0.841,2.8015
2412,0.4764,2.767
2413,2.6517,2.863
2414,1.9084,2.2038
2415,1.9522,2.8243
2416,0.5654,2.0153
2417,3.3979,2.6173
2418,1.3397,2.9434
2419,0.8488,0.7976
2420,1.5489,1.2946
2421,3.7623,2.7426
2422,0.9556,0.5122
2423,0.8604,1.6388
2424,0.4468,0.8051
2425,2.922,3.7643
2426,1.27,2.0947
2427,1.7366,4.1489
2428,1.4613,2.0563
2429,3.252,2.7552
2430,1.3535,1.6771
2431,1.1647,3.4073
2432,2.1266,0.8591
2433,3.4529,2.2365
2434,1.3818,2.0207
2435,0.8702,2.8608
2436,0.449,0.9752
2437,4.1067,1.4866
2438,0.9027,2.8964
2439,0.8587,3.4272
2440,0.6961,1.5804
2441,2.0977,2.0282
2442,0.8904,2.3502
2443,0.8701,2.4978
2444,0.4425,0.7551
2445,4.3603,2.8775
2446,1.5045,3.4303
2447,0.8705,3.4949
2448,0.4483,2.9923
2449,3.0587,0.2971
2450,2.2431,2.6025
2451,2.1393,2.8989
2452,1.1721,0.8707
2453,2.5085,2.7833
2454,1.6662,2.9837
2455,1.265,2.1345
2456,1.576,1.9607
2457,2.9288,0.7612
2458,2.0212,0.7319
2459,1.2345,4.2542
2460,0.7444,1.1469
2461,4.5822,1.0982
2462,1.8566,0.8509
2463,1.744,0.9131
2464,1.0829,0.9019
2465,4.3904,2.5244
2466,2.9289,4.0013
2467,3.1897,0.2833
2468,0.7841,3.6279
2469,4.7878,0.276
2470,2.4855,0.8615
2471,3.0334,2.2878
2472,1.8261,0.8869
2473,3.6224,2.4485
2474,2.7429,0.83
2475,2.9882,2.0624
2476,2.0225,0.2858
2477,3.0123,0.3203
2478,1.1214,2.0764
2479,0.8822,2.8633
2480,0.5038,2.7732
2481,4.7096,0.9281
2482,1.8222,0.2653
2483,3.128,2.6965
2484,0.5025,0.8782
2485,3.4254,3.93
2486,1.8643,1.5077
2487,1.4209,1.5894
2488,0.3413,3.5689
2489,4.8835,0.8534
2490,1.7742,0.872
2491,1.7426,1.1992
2492,1.6258,0.855
2493,2.9771,3.1431
2494,1.8929,0.9012
2495,1.8504,1.7266
2496,1.6534,1.3981
2497,4.9329,0.9173
2498,2.5835,0.9224
2499,3.2285,3.6098
2500,0.5513,1.3774
2501,3.108,3.6422
2502,2.4188,2.6716
2503,1.7846,0.8933
2504,1.4627,2.1534
2505,3.6162,3.5921
2506,1.3635,2.9775
2507,2.5846,2.5969
2508,0.9269,1.4267
2509,3.2703,3.1131
2510,1.5965,3.6762
2511,3.6058,1.8966
2512,1.6795,1.9469
2513,3.2284,3.6296
2514,1.4177,2.1568
2515,2.0401,1.6291
2516,0.4767,1.541
2517,4.7154,4.7043
2518,1.4977,3.6516
2519,2.3166,2.0652
2520,0.5084,0.9001
2521,3.1968,2.8084
2522,1.3816,2.8613
2523,0.8933,3.8805
2524,0.9131,0.9142
2525,3.2092,3.4957
2526,1.8247,1.6247
2527,1.9818,3.0582
2528,1.0065,3.2399
2529,3.5913,2.1409
2530,1.5885,2.9579
2531,1.9081,1.5699
2532,1.8168,2.2072
2533,3.4895,1.5368
2534,1.3007,2.1246
2535,1.3127,1.7453
2536,0.4723,2.8739
2537,2.1318,3.821
2538,2.349,2.2829
2539,2.8982,0.9029
2540,0.8061,2.1549
2541,3.7234,2.7145
2542,1.436,3.9911
2543,1.5032,2.1207
2544,2.211,0.9662
2545,3.4107,2.9189
2546,1.732,1.794
2547,1.3791,4.0569
2548,2.3057,2.1395
2549,2.6075,3.1222
2550,1.5659,2.8415
2551,2.7974,2.9644
2552,1.664,0.917
2553,3.9335,1.4399
2554,1.2348,4.0248
2555,2.9272,0.9994
2556,1.6262,0.9444
2557,4.6348,0.8989
2558,1.6821,3.6531
2559,2.8024,1.2279
2560,1.447,2.8238
2561,2.4708,4.4364
2562,1.4641,2.3346
2563,1.7555,1.7759
2564,0.4345,0.2983
2565,3.6446,3.2537
2566,2.2394,1.5013
2567,2.0485,3.7358
2568,1.0366,2.1759
2569,3.6429,1.792
2570,1.1995,1.8004
2571,2.7392,0.9291
2572,0.4886,2.3514
2573,4.6549,2.648
2574,2.4524,1.511
2575,1.3205,1.9074
2576,1.8983,1.4735
2577,5.2532,0.3017
2578,1.2536,2.9064
2579,1.5573,2.367
2580,0.4067,1.2297
2581,2.1177,1.4814
2582,0.9392,3.7592
2583,1.5896,2.0742
2584,0.9329,3.0238
2585,5.3609,0.9073
2586,1.8199,2.37
2587,2.8007,2.4573
2588,2.3005,1.6295
2589,4.2809,2.9888
2590,2.6844,2.0172
2591,2.7439,2.9985
2592,0.8166,3.9039
2593,4.798,0.9473
2594,2.4029,3.7806
2595,2.6414,2.2375
2596,2.2953,0.9469
2597,4.7289,1.1754
2598,1.978,3.7604
2599,2.1019,2.4615
2600,1.4868,2.029
2601,3.1277,3.705
2602,1.4021,2.4247
2603,3.1992,3.1238
2604,0.7899,2.3889
2605,2.2233,4.3434
2606,1.5121,2.6246
2607,1.3088,2.5851
2608,1.4283,0.9637
2609,3.0411,2.3192
2610,2.3619,1.855
2611,2.4037,1.5891
2612,1.7476,0.9636
2613,4.8834,1.4759
2614,2.8644,4.345
2615,0.9983,2.4377
2616,0.4748,3.4431
2617,3.0395,2.7003
2618,2.0597,1.6437
2619,2.167,1.7128
2620,1.6089,1.9543
2621,3.511,3.7023
2622,1.4501,2.2006
2623,2.2094,3.6055
2624,1.7301,1.4746
2625,4.2113,2.4468
2626,1.686,2.3862
2627,2.2285,1.6312
2628,2.548,2.5982
2629,1.9862,3.2114
2630,1.5223,3.1315
2631,1.6138,2.0858
2632,2.2516,0.9676
2633,2.2144,3.0079
2634,1.5272,1.4632
2635,2.0955,2.3624
2636,2.4908,1.9558
2637,2.9743,3.7588
2638,1.6744,2.2319
2639,3.5548,1.8669
2640,1.0634,1.3886
2641,3.5752,2.4956
2642,1.3518,2.7545
2643,3.2074,1.2494
2644,1.85,1.5074
2645,2.9287,2.3244
2646,0.9722,1.9314
2647,1.769,2.3889
2648,1.0662,0.97
2649,2.9984,3.5035
2650,2.0477,3.0136
2651,2.6138,2.2247
2652,0.8145,3.8651
2653,2.9683,2.9306
2654,1.4196,3.0744
2655,2.7979,2.3382
2656,1.7526,1.5881
2657,2.6734,2.2872
2658,1.2058,3.0799
2659,3.9372,1.856
2660,1.0646,1.6595
2661,2.5954,4.1001
2662,1.0341,2.978
2663,1.8517,1.0111
2664,0.8032,1.6285
2665,1.9289,2.8328
2666,1.5433,3.4413
2667,1.0358,3.0323
2668,0.3176,3.7274
2669,3.2156,2.958
2670,2.1315,1.8821
2671,2.0841,3.5981
2672,0.3321,0.9946
2673,3.3954,0.9748
2674,2.2102,2.671
2675,1.34,4.3428
2676,1.7528,0.9854
2677,4.6426,2.5049
2678,2.3904,3.046
2679,2.1444,1.5239
2680,2.0685,0.9865
2681,2.2171,2.9809
2682,0.9923,2.6242
2683,0.9969,3.6102
2684,1.1371,2.5153
2685,3.4998,1.5558
2686,2.0314,3.5471
2687,3.7546,0.314
2688,0.9281,0.3103
2689,3.5787,3.0115
2690,1.7462,3.054
2691,2.1844,2.5314
2692,2.2462,1.0894
2693,4.6271,3.6342
2694,1.5415,0.3621
2695,2.231,1.6549
2696,1.0349,2.3716
2697,3.6518,2.3273
2698,1.1235,2.6183
2699,1.0341,2.367
2700,0.4935,3.221
2701,4.6115,1.6045
2702,1.6102,2.385
2703,1.5637,2.8457
2704,1.6346,0.9953
2705,4.4452,0.9733
2706,2.0874,3.6017
2707,2.0837,2.4962
2708,2.1117,1.1162
2709,4.8872,2.1866
2710,3.1337,1.094
2711,3.0906,1.0214
2712,1.8938,0.9848
2713,2.8677,2.9399
2714,1.317,3.551
2715,3.4451,3.9562
2716,0.9402,3.0925
2717,3.3623,3.3981
2718,1.5845,2.722
2719,1.0375,1.6191
2720,0.4901,3.0528
2721,3.5634,2.966
2722,1.8492,3.0987
2723,2.2613,1.7857
2724,0.6767,3.0353
2725,2.3751,2.1806
2726,1.953,2.0017
2727,2.9214,1.827
2728,0.9581,2.2009
2729,2.8158,2.4479
2730,1.7501,1.8438
2731,3.0466,3.6387
2732,1.1631,0.441
2733,2.4053,2.8612
2734,0.9939,1.745
2735,2.0215,2.6945
2736,1.8555,2.5
2737,2.5617,3.083
2738,1.863,1.7659
2739,3.3343,3.8896
2740,1.0093,3.6285
2741,4.3323,4.0493
2742,1.4124,1.6207
2743,1.6113,2.2766
2744,0.9831,3.269
2745,2.8916,4.0405
2746,1.8938,2.6481
2747,1.6251,1.0588
2748,0.8714,2.3579
2749,3.4162,2.373
2750,1.1473,1.6268
2751,1.0614,3.9307
2752,0.3129,2.0455
2753,3.2553,2.9809
2754,1.7005,2.7126
2755,2.1942,1.6119
2756,2.0026,1.2949
2757,3.376,3.0112
2758,1.5684,2.8031
2759,1.8061,1.7333
2760,1.6601,2.1789
2761,4.03,2.9625
2762,1.3837,3.4872
2763,2.3391,1.8719
2764,0.4974,0.31
2765,4.8446,3.58
2766,1.4081,0.3306
2767,1.3974,4.0675
2768,2.5414,1.382
2769,2.7405,3.7578
2770,1.6587,2.7405
2771,3.0006,2.5705
2772,1.9748,1.0313
2773,3.1976,3.0559
2774,2.4571,2.0657
2775,2.8312,3.8162
2776,1.8461,1.5311
2777,4.2181,0.3302
2778,2.0799,1.6341
2779,2.3022,2.0683
2780,1.8634,1.9633
2781,4.0281,3.2995
2782,1.8341,1.8453
2783,3.5623,3.0183
2784,0.9195,2.8907
2785,4.4274,2.3304
2786,1.2282,3.0862
2787,2.3349,2.5879
2788,2.0424,1.0927
2789,3.3494,2.3378
2790,1.4154,3.5808
2791,2.1291,3.6701
2792,1.5834,2.6132
2793,3.5424,1.7942
2794,1.6306,1.6427
2795,3.7056,1.1063
2796,2.3853,1.1443
2797,3.5413,2.4028
2798,2.5685,3.4349
2799,1.8522,2.3277
2800,2.2096,1.1473
2801,3.3145,1.4942
2802,2.2811,2.0177
2803,2.4424,2.8026
2804,1.65,1.9295
2805,4.0319,4.7955
2806,2.4512,1.7267
2807,1.9839,2.2537
2808,0.3229,2.1751
2809,2.3372,2.849
2810,1.6523,2.3072
2811,1.8287,2.1784
2812,1.4846,2.5552
2813,3.5544,1.781
2814,2.0181,1.05
2815,3.712,0.4785
2816,0.9348,1.6047
2817,3.7666,2.9638
2818,2.3501,1.0648
2819,2.5574,2.3823
2820,1.8541,1.2905
2821,2.8606,2.5768
2822,1.0851,3.1093
2823,2.3591,2.0522
2824,0.3658,2.3617
2825,1.8918,3.231
2826,1.7825,2.2432
2827,2.3383,2.8803
2828,1.8611,3.3575
2829,2.8942,2.2411
2830,1.2755,2.3375
2831,2.936,1.2841
2832,1.104,1.1451
2833,3.3231,3.755
2834,1.3856,2.5279
2835,2.6256,1.7089
2836,1.6347,1.7884
2837,4.157,3.5526
2838,1.4057,1.8194
2839,2.7694,1.7832
2840,0.9222,2.0404
2841,3.9384,2.5249
2842,1.6801,1.7883
2843,2.4143,2.0537
2844,2.1149,2.627
2845,2.2884,0.4193
2846,1.0472,2.8282
2847,2.189,2.9154
2848,1.2551,0.3655
2849,2.9094,2.6078
2850,3.0696,1.7585
2851,1.8634,3.3038
2852,0.9317,1.0017
2853,3.2746,3.6752
2854,2.3344,1.0631
2855,3.9024,2.3446
2856,0.9616,3.1144
2857,3.9006,0.9959
2858,1.6024,3.3015
2859,1.6517,2.299
2860,0.3288,2.6109
2861,3.4558,2.3059
2862,3.0943,1.8921
2863,2.6347,3.1422
2864,0.5193,3.0971
2865,3.6787,3.092
2866,1.7734,3.1232
2867,2.8228,2.3367
2868,1.8964,1.915
2869,3.5622,3.3926
2870,2.3792,1.7546
2871,3.1657,1.7995
2872,1.0622,3.3351
2873,4.5553,1.8228
2874,1.6255,1.8624
2875,2.4967,3.5731
2876,0.3666,0.9467
2877,2.6483,3.7794
2878,1.5982,1.9381
2879,2.6572,2.6146
2880,0.9701,3.8681
2881,2.6494,3.1276
2882,2.421,3.0738
2883,1.9952,4.1304
2884,1.2137,2.338
2885,2.6678,1.1631
2886,2.0306,2.1594
2887,2.4486,1.4592
2888,1.1181,2.9175
2889,2.1948,1.5896
2890,1.8037,2.9078
2891,2.7768,3.5552
2892,2.5298,2.3158
2893,2.7656,3.4964
2894,2.4355,2.9886
2895,2.8553,2.7476
2896,1.3186,3.1317
2897,3.0223,3.3256
2898,2.0168,1.8627
2899,2.0919,3.6062
2900,2.5315,3.0389
2901,2.2563,3.2051
2902,2.0562,1.7336
2903,1.8177,3.3368
2904,1.1874,3.7453
2905,3.3909,2.9978
2906,1.8587,3.0787
2907,2.8973,2.5871
2908,0.3404,1.8696
2909,3.9721,2.0903
2910,2.6539,1.0581
2911,2.75,0.3227
2912,0.9471,1.5376
2913,2.8993,3.1657
2914,1.7326,2.2268
2915,3.5843,2.4238
2916,1.3576,1.8264
2917,3.8022,3.6966
2918,2.937,1.672
2919,3.1544,1.1627
2920,2.1023,1.0662
2921,3.585,2.3357
2922,2.6248,3.173
2923,2.7635,2.9215
2924,0.9802,2.1516
2925,2.2205,3.2982
2926,2.7807,1.0628
2927,3.59,0.5484
2928,0.5661,3.0946
2929,3.4869,1.9372
2930,2.4558,1.8932
2931,1.87,1.8555
2932,1.0088,3.1238
2933,3.3553,2.0681
2934,1.7911,2.0369
2935,3.6095,3.1241
2936,1.0103,3.0975
2937,3.3361,3.5464
2938,2.5263,2.2995
2939,2.4956,1.454
2940,0.3445,3.51
2941,3.5594,3.8881
2942,1.4392,1.8946
2943,3.0201,1.8419
2944,1.7721,0.9999
2945,3.61,2.6847
2946,2.3762,1.3589
2947,2.4962,1.9345
2948,0.3611,0.3622
2949,4.4262,3.5088
2950,1.0526,2.9199
2951,2.5092,2.1062
2952,2.5105,1.0976
2953,2.0306,1.0025
2954,2.0258,2.8031
2955,2.4579,1.3564
2956,0.3588,3.9532
2957,4.0337,2.7765
2958,2.9365,2.5062
2959,2.4949,2.7033
2960,0.5567,3.3111
2961,3.0467,3.1318
2962,2.7105,2.0199
2963,2.8564,3.7299
2964,1.5743,1.872
2965,3.0701,3.0867
2966,1.9146,1.1523
2967,3.2029,0.353
2968,0.374,2.6887
2969,3.4051,1.9084
2970,2.125,1.196
2971,2.4146,3.5297
2972,1.9912,1.2801
2973,2.452,3.3094
2974,1.8342,1.1991
2975,1.253,2.7452
2976,0.5922,3.3791
2977,3.5746,1.8437
2978,1.4152,2.3832
2979,2.5203,3.4428
2980,1.3736,1.0585
2981,3.3563,2.0161
2982,2.5188,1.9454
2983,2.9599,1.5882
2984,2.1342,0.355
2985,3.6213,2.0702
2986,2.2353,2.9324
2987,2.1593,1.8702
2988,1.1701,2.3745
2989,1.9413,4.0247
2990,1.7508,1.801
2991,1.5666,2.5226
2992,2.0736,1.0892
2993,2.1298,3.7567
2994,1.7188,2.1069
2995,4.1646,1.2903
2996,2.4167,3.3073
2997,3.4313,1.9727
2998,1.6339,1.9373
2999,2.813,3.371
3000,1.0997,2.1731
3001,2.876,2.397
3002,1.0598,1.2612
3003,1.2757,3.5828
3004,0.5796,3.334
3005,3.5218,3.109
3006,1.8277,2.8251
3007,2.7801,1.6495
3008,0.402,1.5552
3009,2.9423,1.2473
3010,1.5012,2.8459
3011,2.7614,1.8719
3012,0.4229,3.7439
3013,4.091,3.5099
3014,1.6813,1.9804
3015,3.3631,1.4843
3016,2.8661,1.0577
3017,4.312,3.3654
3018,1.4814,3.3834
3019,2.7854,1.0802
3020,1.4874,2.0587
3021,2.3086,3.0904
3022,2.0672,1.8802
3023,3.5728,3.4339
3024,1.7669,1.5358
3025,2.7083,1.6835
3026,1.4776,2.3682
3027,2.8494,3.653
3028,0.3608,3.5391
3029,2.6908,3.4984
3030,2.328,2.1821
3031,1.9405,2.4423
3032,2.2525,2.6256
3033,3.4569,2.0492
3034,2.5391,0.5922
3035,1.9202,3.0954
3036,1.3897,2.2252
3037,2.9783,2.6094
3038,2.7987,1.7771
3039,2.9179,2.2593
3040,2.4252,1.9192
3041,3.0046,3.0104
3042,2.2858,2.2824
3043,2.8021,3.1049
3044,1.9861,0.364
3045,2.6782,2.9537
3046,1.6545,2.4956
3047,2.0055,1.8932
3048,0.9421,1.904
3049,2.6226,3.111
3050,2.9792,1.2354
3051,2.8087,1.6306
3052,0.6147,3.2241
3053,1.9892,2.5957
3054,1.541,2.0968
3055,2.8174,2.1631
3056,2.2563,2.5597
3057,2.2514,1.931
3058,3.0598,1.0982
3059,3.7902,2.4436
3060,0.9574,2.1375
3061,2.5063,1.2027
3062,1.7865,3.0526
3063,2.728,1.0968
3064,1.4794,1.1295
3065,2.0295,1.1904
3066,2.1041,3.247
3067,1.9119,2.9961
3068,1.4256,2.2354
3069,3.134,2.7958
3070,2.7633,2.2264
3071,1.6001,2.9087
3072,0.3832,2.5536
3073,2.107,2.1933
3074,2.9414,3.1385
3075,2.9647,2.8041
3076,1.7379,1.9405
3077,4.2402,1.9038
3078,1.8375,2.9684
3079,1.2466,3.0929
3080,0.3726,3.513
3081,2.8569,3.1114
3082,2.9538,3.1728
3083,3.0173,1.8488
3084,0.4126,1.5151
3085,3.1716,3.144
3086,1.0949,2.2332
3087,2.6498,1.1273
3088,1.3894,1.1722
3089,3.0502,3.3591
3090,2.9533,1.6004
3091,2.9615,3.6664
3092,1.3835,2.1529
3093,2.2364,1.0321
3094,2.0665,2.7888
3095,3.0234,3.1022
3096,1.1651,2.0006
3097,2.2545,3.2963
3098,2.7576,2.8221
3099,2.1709,1.0637
3100,1.3252,2.2013
3101,3.4866,2.4596
3102,2.7412,1.2298
3103,3.792,1.2392
3104,2.9338,1.5148
3105,3.8218,3.3444
3106,2.4484,3.4526
3107,1.9774,2.5927
3108,0.4239,3.2327
3109,3.729,2.2087
3110,2.7298,0.3787
3111,3.4047,3.0927
3112,1.5198,1.4511
3113,3.1579,3.3936
3114,1.6848,0.9821
3115,1.6568,1.4168
3116,1.3653,1.2801
3117,3.7859,3.4274
3118,1.4541,0.3791
3119,2.3,1.7186
3120,2.126,3.4617
3121,2.7469,2.0303
3122,3.1823,1.2549
3123,1.911,3.0336
3124,1.528,1.5477
3125,2.5308,3.1691
3126,2.5346,1.0113
3127,1.9655,1.6261
3128,1.3431,2.1476
3129,2.9063,3.0963
3130,2.0921,0.3932
3131,1.5481,2.0521
3132,2.4583,2.4372
3133,3.0682,3.7166
3134,2.223,2.1294
3135,2.4882,2.8858
3136,1.5262,1.3472
3137,2.9063,3.0877
3138,2.7351,2.1979
3139,2.6813,2.7159
3140,1.1609,3.328
3141,3.5166,2.0285
3142,1.601,2.309
3143,1.8797,2.5601
3144,1.3161,3.0793
3145,4.2247,1.0645
3146,2.0655,3.3179
3147,2.8529,3.5023
3148,0.7044,2.3831
3149,4.4563,2.2094
3150,2.7414,2.0444
3151,1.9749,3.1011
3152,0.405,1.068
3153,3.3523,1.1332
3154,2.0772,3.3409
3155,2.7195,2.0364
3156,0.3792,1.2496
3157,2.9298,3.845
3158,3.0387,3.2403
3159,2.0761,1.943
3160,2.1001,0.5562
3161,3.3428,1.7703
3162,2.809,2.4959
3163,2.4833,2.9645
3164,1.6208,2.3031
3165,2.7062,2.8874
3166,2.8506,0.3923
3167,2.9577,2.9193
3168,0.3852,3.15
3169,3.1592,1.3955
3170,2.6395,3.2641
3171,2.9322,2.2899
3172,1.1229,2.959
3173,2.2648,3.655
3174,2.4462,2.9394
3175,2.9431,3.6778
3176,1.1366,1.1738
3177,2.1557,3.408
3178,1.674,2.1985
3179,2.7331,1.4417
3180,0.6188,0.5531
3181,2.0711,1.8348
3182,2.9378,2.1897
3183,2.7402,3.9633
3184,2.2652,2.7489
3185,2.6633,3.0008
3186,3.099,1.1134
3187,4.1383,1.0697
3188,1.2447,1.9457
3189,1.7464,3.3096
3190,2.6375,3.3388
3191,3.0708,1.8672
3192,1.4789,2.1239
3193,2.1136,3.3415
3194,2.5792,1.8544
3195,3.0383,1.5115
3196,1.1403,3.0006
3197,2.8739,1.4639
3198,2.8815,2.8942
3199,3.8585,2.3323
3200,0.4496,2.2942
3201,2.9916,2.9081
3202,1.0692,2.9598
3203,3.1863,3.1473
3204,1.1374,2.7998
3205,3.1358,3.5528
3206,1.8242,1.9557
3207,3.6949,2.2352
3208,0.395,2.1726
3209,3.21,1.5716
3210,1.2746,1.4455
3211,2.2251,2.2887
3212,0.4901,3.2176
3213,2.4023,3.3553
3214,1.484,1.9981
3215,3.6702,3.3567
3216,0.3973,2.298
3217,2.78,3.4243
3218,2.1742,2.2565
3219,3.0379,2.9354
3220,0.4307,2.4172
3221,2.4668,3.3846
3222,1.6851,2.1097
3223,2.1765,3.4756
3224,1.5213,2.0988
3225,3.1228,2.9703
3226,1.6552,1.9846
3227,3.0016,3.4519
3228,1.2821,3.861
3229,2.9185,1.8367
3230,1.8074,1.7152
3231,3.1084,1.8268
3232,2.3149,1.3717
3233,2.1476,1.0426
3234,2.0921,2.8746
3235,3.6933,2.1741
3236,0.366,3.2147
3237,3.1417,3.2327
3238,1.8095,1.9236
3239,3.0258,2.0847
3240,0.4711,3.4724
3241,3.5972,2.1393
3242,2.8574,2.948
3243,2.931,2.1221
3244,1.1758,3.4797
3245,2.3408,1.494
3246,1.8912,2.9205
3247,2.7499,1.4905
3248,1.1823,2.9907
3249,3.2911,2.1081
3250,2.8831,3.1794
3251,2.7281,2.885
3252,1.6981,1.4815
3253,3.1891,2.7852
3254,2.9849,2.075
3255,2.8127,2.6108
3256,1.3051,2.337
3257,2.0987,2.0908
3258,3.2727,3.2517
3259,4.2145,3.0944
3260,1.0355,3.5394
3261,2.472,3.6854
3262,1.9147,2.3021
3263,2.311,3.3672
3264,1.5418,3.0268
3265,3.1055,3.4332
3266,3.0757,1.6733
3267,3.0403,2.1049
3268,0.4849,3.3807
3269,3.1266,1.8771
3270,2.0115,0.41
3271,2.3335,1.1437
3272,1.4161,2.3686
3273,3.1629,2.1429
3274,2.7266,2.226
3275,2.1598,2.9787
3276,1.5587,3.303
3277,2.8029,2.8582
3278,1.9014,2.2917
3279,1.9642,1.8879
3280,2.5051,1.8943
3281,2.7098,4.018
3282,2.89,1.497
3283,1.9113,2.0538
3284,2.4217,1.0033
3285,3.0743,2.6104
3286,2.983,2.5731
3287,1.8317,3.6422
3288,1.1991,2.7022
3289,3.9886,1.3914
3290,1.8519,2.4121
3291,2.6825,2.2034
3292,0.5041,3.6295
3293,3.4008,1.0204
3294,2.0742,2.0692
3295,3.1195,2.3027
3296,1.3504,3.0751
3297,3.0094,1.5019
3298,2.7402,2.7369
3299,3.7847,3.1742
3300,1.4079,2.2484
3301,3.1965,2.4124
3302,3.018,2.2526
3303,2.0284,2.1376
3304,2.2127,2.1642
3305,3.0525,2.0346
3306,1.6997,2.5593
3307,2.8485,1.6407
3308,1.6321,1.5212
3309,2.854,2.2177
3310,2.7868,2.8148
3311,4.5733,0.4029
3312,1.431,1.2688
3313,3.2,1.9362
3314,2.5134,2.2072
3315,2.8811,2.97
3316,1.4923,2.3127
3317,2.7544,4.0791
3318,1.7856,1.9356
3319,3.3519,2.2112
3320,0.4807,3.4622
3321,3.4528,1.0017
3322,2.6199,2.9481
3323,2.7756,2.2483
3324,1.2277,2.1582
3325,3.1315,2.7694
3326,2.7362,1.2894
3327,4.0581,3.6066
3328,0.4131,3.3879
3329,2.299,2.2791
3330,2.1987,0.4218
3331,1.7326,0.6598
3332,0.4216,1.279
3333,4.0113,2.349
3334,3.212,2.5872
3335,2.7733,2.0539
3336,2.0734,2.1052
3337,2.3181,1.8455
3338,1.1109,3.4791
3339,4.0134,2.5577
3340,1.0013,2.193
3341,1.967,3.6336
3342,1.4773,2.6407
3343,3.4305,1.4951
3344,1.2715,1.1014
3345,3.9976,3.1628
3346,2.687,3.3156
3347,2.7792,3.4638
3348,1.4382,2.9567
3349,3.5407,1.9891
3350,2.4548,1.7234
3351,3.0733,1.0741
3352,1.979,2.3181
3353,1.9946,1.4835
3354,3.3049,1.4551
3355,1.9382,1.6986
3356,1.0391,3.369
3357,3.2888,2.4701
3358,1.4972,3.0439
3359,1.9278,2.3311
3360,0.6694,1.3527
3361,3.3794,2.7196
3362,2.1559,2.3411
3363,3.2176,3.0029
3364,0.4386,2.1533
3365,2.3923,2.4535
3366,2.0009,2.7943
3367,2.9404,3.5651
3368,1.2175,2.1088
3369,3.2872,3.1427
3370,1.7748,2.3917
3371,4.6544,2.6804
3372,1.7474,3.0696
3373,2.8316,3.008
3374,2.7548,3.3661
3375,3.5183,3.361
3376,2.8138,2.543
3377,1.4733,3.0472
3378,2.7906,2.1585
3379,3.2523,3.0145
3380,1.2525,2.7663
3381,2.9785,2.8421
3382,2.2296,2.8556
3383,3.067,3.3747
3384,1.487,2.0791
3385,1.9562,2.1782
3386,1.8963,2.2365
3387,3.6296,1.4039
3388,1.0138,2.4943
3389,2.7616,2.9226
3390,1.9861,3.1913
3391,3.039,1.896
3392,1.0559,3.4168
3393,3.0045,2.2108
3394,1.7583,2.9087
3395,3.0167,2.9359
3396,1.5316,1.6045
3397,3.1363,3.1488
3398,1.5441,1.0943
3399,3.3045,1.89
3400,1.028,1.4812
3401,2.0781,2.0321
3402,2.0982,2.8021
3403,3.8228,1.7246
3404,2.5321,1.5306
3405,3.7413,3.0356
3406,1.7354,3.1615
3407,3.4962,1.1864
3408,2.3283,1.5218
3409,3.0739,3.3599
3410,1.7403,2.3214
3411,3.2148,2.1909
3412,0.4884,2.4021
3413,3.519,1.9889
3414,1.7678,1.609
3415,2.8223,2.8033
3416,1.7404,2.1439
3417,3.0832,2.4393
3418,2.1518,3.191
3419,4.3682,1.9412
3420,2.523,1.3565
3421,1.9519,1.5331
3422,1.7944,2.1518
3423,3.7836,3.1928
3424,1.2582,2.7646
3425,2.548,3.0176
3426,1.7617,1.5486
3427,3.2146,3.0695
3428,2.2905,2.0434
3429,3.3576,2.1022
3430,1.5589,3.066
3431,2.8439,2.9436
3432,2.3059,1.923
3433,2.1148,3.2713
3434,2.9945,1.1662
3435,4.0941,2.1498
3436,1.0084,3.0646
3437,3.7261,3.2059
3438,2.8208,1.8605
3439,4.3261,2.3203
3440,2.5442,3.2059
3441,3.0042,3.417
3442,1.7717,1.9972
3443,3.1784,2.2039
3444,1.4607,2.4377
3445,1.9368,3.3794
3446,3.3856,1.1072
3447,4.2276,1.0832
3448,1.1011,3.211
3449,3.0633,2.8349
3450,2.743,4.0624
3451,2.7831,2.7996
3452,1.5284,1.9432
3453,2.7726,3.1885
3454,2.7227,1.4241
3455,2.2202,2.3032
3456,1.2812,3.2392
3457,1.8816,2.7215
3458,2.6465,2.1826
3459,2.9944,2.7183
3460,2.2744,2.2483
3461,2.1136,2.0342
3462,2.6232,2.1653
3463,3.088,3.171
3464,2.263,1.9936
3465,2.3236,2.896
3466,2.7041,3.4919
3467,4.0468,2.5183
3468,1.2468,2.7565
3469,1.7394,1.8656
3470,2.5203,2.1872
3471,2.7801,2.9184
3472,1.697,1.3985
3473,3.1148,2.0266
3474,2.6935,2.2227
3475,3.2505,1.4473
3476,0.4283,1.7196
3477,2.9329,1.8836
3478,1.7861,3.4404
3479,3.0853,3.0283
3480,1.3136,0.6044
3481,3.2295,3.4059
3482,2.6443,1.7931
3483,3.0665,1.7625
3484,0.517,3.5767
3485,2.9976,2.9079
3486,2.65,2.1977
3487,2.8189,2.9775
3488,1.4833,1.9011
3489,3.2979,1.8268
3490,2.6752,2.1989
3491,2.8368,3.2879
3492,1.2598,2.2949
3493,2.785,1.849
3494,1.9134,2.8215
3495,2.1967,1.9366
3496,2.3715,1.9088
3497,1.9497,3.0979
3498,2.9277,1.5203
3499,2.3968,3.6578
3500,1.2383,2.9694
3501,1.9652,3.191
3502,3.966,1.15
3503,4.1057,3.4027
3504,1.442,2.1982
3505,1.9118,3.2073
3506,1.7426,3.1625
3507,1.9852,1.3582
3508,0.4426,3.4279
3509,2.9725,2.0341
3510,4.0288,3.1811
3511,4.2607,1.855
3512,2.2658,0.4341
3513,1.9218,2.5861
3514,2.9693,3.3895
3515,3.8157,1.9539
3516,2.3061,1.8812
3517,2.8726,0.6755
3518,2.1262,3.0037
3519,3.2512,3.36
3520,1.3123,1.1875
3521,2.1686,3.2005
3522,2.6279,2.2039
3523,3.0707,2.4951
3524,1.2487,2.7935
3525,3.1273,1.9566
3526,1.7685,2.6422
3527,3.1729,1.8703
3528,2.2579,3.1867
3529,2.9857,2.4981
3530,1.714,1.679
3531,3.3104,2.7593
3532,1.4934,2.0838
3533,2.9676,1.6979
3534,1.963,2.1404
3535,2.9511,2.3904
3536,0.4904,2.3553
3537,3.4434,2.3125
3538,1.7017,3.1939
3539,2.9183,2.9964
3540,1.3151,3.1343
3541,2.5985,3.3005
3542,2.7282,1.7129
3543,3.3798,3.2571
3544,1.4595,1.3518
3545,2.2695,3.2388
3546,3.0665,2.117
3547,3.1331,1.5627
3548,1.3826,2.066
3549,3.2948,1.8727
3550,2.6402,3.1492
3551,3.6811,2.0925
3552,1.5111,2.629
3553,3.2533,2.4108
3554,1.9246,2.1989
3555,2.0002,3.1189
3556,1.819,1.3597
3557,2.0984,3.6341
3558,3.8524,1.5815
3559,2.0473,3.0249
3560,1.2408,2.4671
3561,2.8857,3.3712
3562,2.0028,1.9219
3563,3.0274,3.577
3564,1.2322,2.0215
3565,3.1055,3.3758
3566,1.7801,2.2486
3567,3.0265,3.3781
3568,1.4441,1.9225
3569,2.8415,3.3706
3570,1.8282,1.4498
3571,4.7101,2.3594
3572,1.1109,1.8993
3573,2.5677,2.6455
3574,3.2696,2.3075
3575,3.2303,3.4827
3576,0.6913,2.4153
3577,4.0265,2.1081
3578,3.743,1.3607
3579,3.1219,1.5396
3580,0.407,1.0986
3581,2.0901,3.1804
3582,2.8821,2.181
3583,2.3457,2.0028
3584,1.2129,3.0361
3585,1.8467,0.9258
3586,2.5437,1.7499
3587,3.3536,3.1219
3588,0.7138,3.0111
3589,3.1497,3.2713
3590,2.0022,2.0222
3591,2.9302,3.6823
3592,1.2329,1.942
3593,3.1856,3.4289
3594,3.8217,1.3561
3595,3.7809,2.4636
3596,1.5738,2.0927
3597,2.657,2.2818
3598,2.2417,0.6851
3599,3.0878,2.8912
3600,1.519,2.2146
3601,3.0443,2.8778
3602,1.1252,2.9108
3603,4.4241,2.2198
3604,1.3245,2.3122
3605,3.0239,3.0793
3606,1.937,2.1909
3607,3.1818,1.309
3608,1.5613,1.3217
3609,2.8485,3.5436
3610,2.4791,2.2548
3611,2.6986,2.8799
3612,1.2563,3.1174
3613,2.8106,2.1275
3614,1.9344,2.0546
3615,4.1293,3.2607
3616,1.5447,1.1651
3617,2.8617,2.9149
3618,2.3057,2.2658
3619,2.8477,1.9511
3620,1.0699,2.6351
3621,2.9305,0.6607
3622,1.8119,1.9162
3623,3.4139,2.9458
3624,1.5366,2.6771
3625,2.8362,2.1458
3626,3.1951,2.917
3627,3.0085,1.8049
3628,2.244,3.2217
3629,2.7079,3.1988
3630,2.5317,1.7684
3631,3.4309,3.3776
3632,1.2776,3.2266
3633,3.3993,3.0604
3634,1.8891,3.3761
3635,3.165,3.2553
3636,0.4555,2.507
3637,3.2932,3.2862
3638,2.7609,2.3083
3639,3.1523,3.2934
3640,1.4202,1.3478
3641,3.0584,2.9595
3642,2.0222,2.0604
3643,2.5097,3.3634
3644,2.2733,2.1816
3645,2.5192,3.1952
3646,2.9913,1.3478
3647,3.3608,3.5315
3648,2.5641,1.1139
3649,4.1906,3.1698
3650,1.658,2.0694
3651,3.1479,2.167
3652,2.1064,2.4678
3653,3.03,1.8471
3654,2.6779,2.3771
3655,2.5555,2.6073
3656,1.6301,2.151
3657,3.9437,2.2046
3658,2.3495,1.9447
3659,3.4449,2.2123
3660,2.2375,2.3576
3661,1.8919,1.5397
3662,1.1283,3.223
3663,2.4237,3.441
3664,1.2552,2.0521
3665,3.0062,3.1787
3666,1.7898,3.1655
3667,4.5424,1.5546
3668,1.721,2.6875
3669,1.9115,3.0628
3670,1.4102,3.274
3671,4.0789,2.1327
3672,1.6767,1.5285
3673,2.4686,2.4911
3674,2.1196,2.3247
3675,3.3159,3.2164
3676,1.6048,1.1924
3677,3.3068,3.6452
3678,3.8099,1.3427
3679,2.6973,2.9728
3680,2.5501,1.3448
3681,1.8921,3.037
3682,3.0149,3.3368
3683,2.8383,3.4236
3684,0.4574,1.7058
3685,2.7584,2.1684
3686,1.5105,2.7494
3687,3.8864,1.7571
3688,1.203,1.6383
3689,2.5759,3.8561
3690,1.6552,2.7741
3691,3.2823,3.0831
3692,1.6498,1.5128
3693,2.8318,2.1378
3694,2.091,3.2732
3695,4.2798,2.151
3696,1.0725,3.495
3697,1.8055,3.4633
3698,1.8159,2.0745
3699,2.8932,2.1896
3700,1.3036,3.2317
3701,1.9085,3.3709
3702,2.4141,3.26
3703,3.1948,2.3342
3704,1.4078,2.0701
3705,2.0553,2.805
3706,2.7964,1.6936
3707,4.1257,2.2115
3708,1.3514,1.4599
3709,3.1336,1.5312
3710,2.6667,1.599
3711,1.8946,2.9464
3712,1.5692,2.2676
3713,2.5562,3.1208
3714,2.5335,3.3182
3715,2.7418,1.5235
3716,1.1698,1.2998
3717,2.7702,3.1853
3718,1.7377,2.9956
3719,3.0814,3.5493
3720,1.3561,1.5273
3721,3.2871,3.3343
3722,2.0772,2.0083
3723,3.249,3.2469
3724,2.7553,1.1328
3725,2.8497,3.2532
3726,1.8928,2.9314
3727,4.489,2.1505
3728,1.9514,1.4984
3729,3.0144,2.741
3730,2.8586,0.6877
3731,3.1734,2.2743
3732,1.7337,2.279
3733,2.5005,3.3076
3734,1.9931,2.2226
3735,3.3858,3.8073
3736,2.8215,0.4543
3737,3.9666,1.1814
3738,3.7417,2.1109
3739,2.0714,2.7527
3740,1.2402,1.7477
3741,3.0569,3.0268
3742,2.8648,2.8886
3743,2.9369,2.1326
3744,1.9391,3.0509
3745,3.044,2.1337
3746,2.1603,1.314
3747,3.2295,3.0249
3748,1.6197,1.924
3749,3.411,1.9517
3750,2.6465,3.1959
3751,3.6959,2.6043
3752,2.2597,1.0964
3753,3.1912,3.2101
3754,2.8889,1.9548
3755,3.0478,2.4404
3756,1.3941,1.8293
3757,2.2329,3.0581
3758,1.6824,2.0268
3759,4.5629,2.01
3760,1.668,1.2753
3761,3.1871,3.2722
3762,1.7954,2.3945
3763,2.0975,3.1801
3764,1.3296,2.963
3765,2.9169,2.9899
3766,2.2385,1.5794
3767,3.2004,2.4547
3768,1.666,1.3458
3769,2.691,2.1444
3770,1.8058,1.9381
3771,4.1391,2.036
3772,1.0839,2.2205
3773,2.5928,2.0154
3774,1.9057,2.8114
3775,4.1569,1.517
3776,1.3985,1.9541
3777,3.2394,2.3121
3778,2.3406,1.7014
3779,3.4097,3.2188
3780,1.5329,2.3196
3781,1.6735,3.1534
3782,1.4878,3.2974
3783,3.5927,2.3768
3784,1.3457,3.9658
3785,3.9811,3.2424
3786,3.0275,2.0384
3787,3.1328,2.4197
3788,1.6604,2.1824
3789,3.1959,2.3448
3790,3.1548,3.4876
3791,3.2312,3.1089
3792,2.5073,2.142
3793,3.11,3.0102
3794,1.8549,2.5676
3795,3.3745,1.7567
3796,1.0478,1.8989
3797,2.4888,2.7557
3798,2.597,1.9473
3799,2.936,2.1104
3800,1.291,3.0922
3801,1.9166,3.0424
3802,4.1203,2.0775
3803,2.6971,2.8318
3804,0.7852,2.6721
3805,3.3496,3.4909
3806,3.4684,1.1529
3807,4.1378,3.4695
3808,0.7488,1.6722
3809,2.7967,1.5563
3810,2.9885,1.9266
3811,2.3907,3.4358
3812,1.3615,3.2407
3813,2.1262,3.1975
3814,3.0339,3.4699
3815,2.9937,1.7981
3816,1.0949,2.1775
3817,3.003,2.5452
3818,2.9418,1.2694
3819,2.0513,2.4978
3820,1.1714,2.8355
3821,1.9718,3.5066
3822,2.0827,2.1921
3823,2.7226,1.7896
3824,1.417,1.9122
3825,3.0553,0.7302
3826,2.3422,3.2537
3827,3.1009,2.1
3828,1.2715,2.5229
3829,3.1937,1.236
3830,3.9168,2.5712
3831,1.8292,2.7851
3832,0.7746,2.6837
3833,1.5845,3.4579
3834,3.2713,1.1604
3835,4.1362,2.0135
3836,1.8606,1.4367
3837,2.8446,3.2596
3838,1.6192,2.1681
3839,4.2285,3.2523
3840,2.2523,2.1548
3841,2.2615,2.8183
3842,1.8181,2.2694
3843,2.5713,1.5326
3844,0.483,3.7236
3845,2.6639,1.3079
3846,1.9515,2.2101
3847,3.8691,1.7151
3848,2.4785,1.269
3849,2.916,2.3652
3850,2.2096,2.9051
3851,3.0766,2.3508
3852,0.5091,3.0078
3853,3.2679,2.0036
3854,2.7641,3.4419
3855,2.1239,3.2376
3856,2.6992,2.4197
3857,2.7599,3.2085
3858,2.1795,2.1454
3859,3.5286,1.5986
3860,0.5133,3.5548
3861,2.5554,3.2617
3862,2.2601,1.9692
3863,3.0825,2.9182
3864,1.4602,1.8136
3865,2.8966,3.5465
3866,2.6626,2.0129
3867,2.99,2.8019
3868,1.66,1.9893
3869,2.4753,1.8351
3870,1.9856,1.9888
3871,3.4863,3.1933
3872,1.9237,3.5517
3873,3.0253,3.2215
3874,2.3521,2.1591
3875,3.3665,3.8042
3876,1.3283,2.0627
3877,3.1111,0.732
3878,1.9603,3.1844
3879,3.5094,1.4373
3880,0.4896,3.7884
3881,2.7778,3.0639
3882,2.7423,1.2282
3883,3.7259,2.0253
3884,1.1802,2.2187
3885,2.6293,2.3522
3886,2.9921,3.0563
3887,2.5089,1.72
3888,1.1066,1.9533
3889,2.9475,2.56
3890,2.9113,2.0383
3891,1.8817,2.8785
3892,1.0378,1.8982
3893,2.4477,2.2284
3894,3.0234,2.0959
3895,2.9601,3.0604
3896,2.5003,1.2654
3897,3.2588,1.1691
3898,2.0466,2.5989
3899,2.188,2.2756
3900,2.6307,1.2739
3901,3.6545,1.9179
3902,1.6862,3.1972
3903,3.267,1.6548
3904,1.1665,3.4698
3905,3.2676,2.3914
3906,1.9442,3.2687
3907,3.3254,1.3139
3908,1.4263,1.9202
3909,2.1748,3.2459
3910,1.8428,3.5906
3911,2.3639,1.5435
3912,0.4892,2.0111
3913,2.8291,3.1866
3914,2.2223,2.17
3915,4.1676,1.1478
3916,2.3571,3.5164
3917,3.7776,2.6816
3918,2.5733,3.2607
3919,3.0513,3.5077
3920,0.4965,2.8836
3921,2.1401,1.6084
3922,1.98,1.7091
3923,3.1744,2.9547
3924,1.4411,2.9796
3925,2.7784,1.8197
3926,3.1875,2.0644
3927,3.4836,3.2646
3928,2.2637,2.3354
3929,2.5499,2.3769
3930,1.9633,2.3947
3931,3.0117,2.024
3932,2.2762,3.5122
3933,2.7667,2.8006
3934,2.1594,2.3416
3935,3.598,1.6102
3936,1.9969,3.5283
3937,2.7779,2.0811
3938,1.1371,3.2236
3939,3.2914,1.8295
3940,1.2828,1.5205
3941,2.0507,2.7597
3942,2.2082,1.5969
3943,3.2861,3.262
3944,0.8143,2.3724
3945,3.7796,2.0155
3946,2.4218,2.7376
3947,3.25,3.4361
3948,2.2963,1.5455
3949,2.8524,2.0706
3950,3.2299,1.6285
3951,1.946,3.1162
3952,0.5083,3.5678
3953,3.1258,2.3402
3954,2.0748,3.3651
3955,4.5074,2.4226
3956,2.1435,2.0905
3957,2.5523,3.0069
3958,1.6762,1.6636
3959,3.5599,2.0182
3960,2.3268,1.1909
3961,2.0184,2.0383
3962,2.6106,1.5511
3963,3.6464,0.863
3964,1.442,2.7694
3965,2.8363,2.179
3966,3.369,1.2119
3967,2.4077,1.4241
3968,0.4953,0.723
3969,2.7786,2.4457
3970,1.8092,3.5221
3971,4.0354,2.8437
3972,0.9705,2.1735
3973,2.7547,1.845
3974,2.791,3.2431
3975,3.3027,3.1839
3976,1.7522,1.6566
3977,2.2414,2.5272
3978,2.3321,1.2776
3979,4.2089,3.5272
3980,1.0942,3.1138
3981,1.6537,2.8592
3982,2.6257,1.4848
3983,2.2439,2.8986
3984,2.4753,2.1734
3985,3.1589,2.1092
3986,2.9048,1.2203
3987,3.0541,2.3204
3988,0.5092,2.9661
3989,1.3082,3.4714
3990,2.0104,1.3376
3991,4.4491,1.1759
3992,2.6064,1.4456
3993,3.1501,2.5134
3994,2.2863,3.0497
3995,3.068,2.3683
3996,1.2438,2.1576
3997,2.0294,3.1652
3998,1.1355,2.9569
3999,5.0734,1.2226
4000,1.78,0.568
4001,4.2127,2.0455
4002,2.7099,2.0675
4003,3.0557,2.1112
4004,1.2477,3.6758
4005,2.8912,2.2115
4006,1.9162,2.7481
4007,3.0352,2.3451
4008,0.5228,3.1654
4009,1.1779,3.1055
4010,3.2127,2.1256
4011,3.4503,3.0399
4012,0.5216,2.0712
4013,2.9749,2.5164
4014,2.9299,1.1836
4015,3.3113,3.2614
4016,2.5516,3.368
4017,2.6572,3.5487
4018,1.593,2.0011
4019,3.2187,3.2645
4020,0.8293,1.9642
4021,1.7188,2.9441
4022,2.9387,2.1939
4023,3.3861,2.3924
4024,1.659,2.1314
4025,2.938,3.2591
4026,2.6543,1.2978
4027,2.4654,3.2924
4028,1.3785,3.1538
4029,2.9879,1.3324
4030,3.8155,3.5839
4031,2.2527,2.3811
4032,2.0392,4.1298
4033,1.3279,2.5477
4034,3.092,1.6513
4035,4.4665,1.3782
4036,2.2759,2.2617
4037,2.8746,2.5152
4038,2.9542,0.5101
4039,4.4637,2.5162
4040,0.5881,2.5333
4041,2.3015,0.7716
4042,2.1658,2.3694
4043,3.5488,3.0
4044,0.8351,2.4381
4045,2.1719,1.9373
4046,2.7613,3.5038
4047,4.5886,1.1823
4048,2.3256,3.3308
4049,2.9784,1.8032
4050,2.8381,2.6036
4051,2.2113,2.8811
4052,1.5867,2.8316
4053,1.745,2.3111
4054,3.2799,1.1956
4055,2.66,3.2305
4056,1.3875,3.3742
4057,1.9496,2.0923
4058,3.1173,2.2958
4059,3.2952,2.4955
4060,1.4362,1.6722
4061,1.6377,1.8058
4062,1.9539,2.4493
4063,3.2468,2.4831
4064,0.5276,2.9758
4065,2.527,1.6996
4066,2.7869,2.3682
4067,1.6121,2.9026
4068,0.8723,1.3199
4069,2.2983,1.2723
4070,1.9845,3.1734
4071,2.2688,2.5788
4072,2.0418,2.1384
4073,2.5102,3.4473
4074,3.6013,2.5551
4075,2.3264,3.5473
4076,0.8667,3.4409
4077,3.2083,1.2113
4078,2.6317,1.2306
4079,2.4591,3.2504
4080,1.4261,3.8796
4081,1.5924,2.0968
4082,3.5099,2.1819
4083,3.0484,2.2412
4084,1.3133,2.0334
4085,2.6129,2.964
4086,1.1019,3.1776
4087,4.6071,1.174
4088,2.532,2.3291
4089,1.9839,2.96
4090,1.5075,3.2336
4091,4.6673,2.0676
4092,1.5313,1.6876
4093,3.2144,2.5391
4094,1.1421,3.5065
4095,2.2491,3.1421
4096,0.4884,3.369
4097,2.7186,1.9951
4098,2.8118,2.0264
4099,3.0299,3.1487
4100,0.5127,2.9556
4101,2.2779,1.6363
4102,3.2399,3.3511
4103,4.2831,3.5195
4104,1.802,1.1811
4105,2.9668,2.0792
4106,3.2506,1.7449
4107,1.9094,2.9318
4108,0.8688,2.2224
4109,3.1259,2.2885
4110,1.557,2.4923
4111,3.7767,1.614
4112,3.4617,1.1692
4113,2.7247,2.0897
4114,1.1612,2.1199
4115,3.4177,1.4836
4116,0.5004,1.8818
4117,2.7255,1.8852
4118,1.2086,2.9269
4119,3.1234,2.1056
4120,1.2404,2.1794
4121,2.0813,3.2813
4122,3.052,3.192
4123,2.5928,2.3599
4124,0.53,3.4483
4125,2.7749,2.0959
4126,1.2625,3.2819
4127,4.7321,2.0433
4128,1.3805,1.9617
4129,1.9739,3.5494
4130,2.9801,3.2834
4131,2.1127,1.6824
4132,0.7734,3.8667
4133,3.9436,2.0514
4134,2.7158,2.4922
4135,3.4572,2.2489
4136,2.0703,3.5496
4137,2.7846,2.9765
4138,3.9173,1.1547
4139,4.2962,2.7152
4140,0.5276,2.8831
4141,1.8985,3.1346
4142,1.2271,3.4549
4143,2.5718,2.4424
4144,1.5108,1.4097
4145,2.7721,2.9568
4146,1.5308,3.2231
4147,4.6985,2.6219
4148,1.2923,0.5293
4149,3.0792,3.1308
4150,3.7993,0.5362
4151,3.1253,2.9334
4152,0.8646,3.1951
4153,1.1768,3.0206
4154,1.5883,3.2321
4155,4.7351,2.784
4156,1.3856,2.1428
4157,3.3962,1.8711
4158,2.1308,3.4888
4159,2.2817,2.8379
4160,0.8892,3.1518
4161,2.3652,1.6475
4162,2.6675,1.8906
4163,3.1531,4.0518
4164,1.2987,2.8662
4165,1.6508,1.7405
4166,2.3719,1.6366
4167,3.221,3.07
4168,0.8649,2.0966
4169,2.9167,0.5385
4170,3.1622,1.1921
4171,3.6276,1.6897
4172,1.4607,1.9866
4173,2.3632,1.5928
4174,2.1766,3.316
4175,3.1189,3.405
4176,2.047,3.8345
4177,2.7079,2.5314
4178,2.8536,3.7897
4179,3.1188,2.8194
4180,0.6952,2.1537
4181,3.4377,2.047
4182,2.0012,1.1812
4183,3.0875,3.3148
4184,0.8807,1.3426
4185,2.3625,2.0445
4186,1.1298,3.7728
4187,4.6291,1.1494
4188,2.298,2.6067
4189,1.178,2.2232
4190,2.0169,2.5293
4191,4.5887,1.2372
4192,3.482,1.6492
4193,2.2541,3.8341
4194,1.7469,3.446
4195,2.2899,1.6932
4196,0.5352,3.5981
4197,2.0531,2.6155
4198,3.0899,3.8723
4199,2.314,2.799
4200,2.2732,1.173
4201,2.3255,2.0372
4202,3.2599,1.1741
4203,3.3055,2.8135
4204,0.7044,2.1674
4205,2.5996,3.2815
4206,1.6008,3.4184
4207,3.3114,2.2203
4208,1.6843,1.1245
4209,3.3188,1.177
4210,3.0072,2.9466
4211,2.64,2.1344
4212,1.9406,3.8588
4213,2.3097,0.8079
4214,2.9123,1.1491
4215,4.34,1.225
4216,2.5468,0.5299
4217,3.7557,1.1494
4218,3.0289,2.9531
4219,4.6205,1.1549
4220,2.3271,3.3247
4221,4.6331,1.1831
4222,3.9926,1.1379
4223,4.5367,2.459
4224,0.7126,2.5569
4225,2.9998,2.9666
4226,1.3543,3.555
4227,4.7653,2.1142
4228,1.9134,1.5776
4229,2.7962,3.5985
4230,3.7485,1.1653
4231,4.6096,3.3607
4232,0.8588,2.7885
4233,2.2032,2.4481
4234,1.619,2.7754
4235,3.4786,2.6606
4236,2.482,1.1749
4237,3.0406,3.3087
4238,3.0036,1.444
4239,4.0898,2.0721
4240,1.7178,1.28
4241,3.9503,3.2165
4242,1.3173,3.2558
4243,5.0013,2.0364
4244,1.2791,3.1195
4245,2.7487,1.9455
4246,1.2228,3.2183
4247,5.023,3.588
4248,0.9007,2.5399
4249,1.927,3.489
4250,2.0553,2.3907
4251,5.0648,2.0207
4252,2.3716,1.5237
4253,2.2126,3.0435
4254,2.6663,2.9796
4255,5.275,0.5445
4256,1.8676,1.7039
4257,2.2383,2.9513
4258,3.1522,1.6081
4259,2.3758,2.9484
4260,1.9469,2.3517
4261,1.1486,3.1418
4262,3.3629,1.5161
4263,4.3735,3.5365
4264,1.1735,2.4153
4265,1.952,3.1825
4266,1.9226,3.8644
4267,4.4552,2.6951
4268,1.1372,3.3616
4269,3.0218,1.4776
4270,3.0069,1.1692
4271,4.1795,2.248
4272,1.1531,2.1768
4273,2.7827,2.6562
4274,3.0385,2.5742
4275,3.1837,3.2098
4276,0.9098,3.0057
4277,2.1667,1.2707
4278,2.8277,3.2383
4279,4.6274,3.325
4280,1.1516,1.3801
4281,2.4375,3.0253
4282,2.8607,3.2319
4283,4.9524,3.302
4284,1.137,1.693
4285,2.3337,2.2555
4286,3.0363,1.3561
4287,4.5836,3.6076
4288,1.1523,2.2255
4289,1.4253,3.0803
4290,1.1528,2.9935
4291,4.6459,0.5505
4292,2.6107,1.1505
4293,2.785,2.7566
4294,2.8553,2.0321
4295,4.9275,4.5282
4296,1.2853,3.2361
4297,1.9321,2.5119
4298,3.9669,1.1819
4299,4.3455,1.177
4300,2.5813,3.7715
4301,2.3255,3.3032
4302,1.9874,3.9765
4303,3.0465,2.5516
4304,2.7875,2.2964
4305,2.5251,3.5685
4306,3.0474,1.6892
4307,2.9131,3.281
4308,1.857,2.8325
4309,3.7668,1.1576
4310,3.1293,1.9807
4311,2.7067,2.4132
4312,1.9048,1.4183
4313,3.124,3.3376
4314,1.5852,2.1403
4315,2.6362,2.7942
4316,1.1497,2.282
4317,2.1208,1.6187
4318,3.2416,0.5789
4319,4.3927,1.1687
4320,2.6508,3.3202
4321,3.0136,1.9517
4322,2.3634,2.9587
4323,2.9395,2.2339
4324,0.8196,2.9794
4325,1.3338,3.8554
4326,4.3718,1.1704
4327,4.3327,3.9888
4328,1.3342,2.0537
4329,2.9307,3.0015
4330,1.3457,3.8174
4331,4.7669,2.6101
4332,0.9054,2.9772
4333,1.1389,3.2032
4334,1.3749,2.1321
4335,5.2589,1.1291
4336,2.3891,0.5234
4337,3.9542,1.6954
4338,2.252,2.1046
4339,3.4335,2.9885
4340,0.9147,2.4401
4341,2.2346,2.489
4342,2.349,1.1653
4343,4.3648,1.1587
4344,2.3768,1.3857
4345,2.8105,2.5736
4346,2.2578,2.4724
4347,3.3223,1.3748
4348,2.3015,1.179
4349,3.0214,2.3694
4350,3.4167,1.4987
4351,3.3381,2.1884
4352,0.5964,3.4172
4353,3.0295,3.3353
4354,4.0921,1.5807
4355,4.3461,3.5995
4356,1.4044,1.971
4357,2.6133,2.604
4358,2.8347,3.2369
4359,4.6203,1.1656
4360,2.5711,1.372
4361,2.797,3.0037
4362,1.6006,3.2537
4363,4.7988,1.5536
4364,1.3956,2.0208
4365,3.0281,2.504
4366,3.77,4.1196
4367,3.1898,1.3773
4368,0.9825,2.088
4369,2.4496,2.2052
4370,2.5188,1.956
4371,2.997,3.0101
4372,0.9346,3.2104
4373,2.671,3.2238
4374,3.8806,2.5268
4375,3.0552,1.4218
4376,2.4169,3.7304
4377,2.3073,3.2769
4378,2.2278,2.0734
4379,3.2593,3.2634
4380,0.948,2.9664
4381,2.0224,3.1468
4382,1.9481,2.1738
4383,5.139,1.2522
4384,2.3845,0.5564
4385,3.9929,1.1741
4386,3.7343,1.7076
4387,2.7908,2.5747
4388,0.7494,2.587
4389,2.2216,2.5485
4390,2.3401,3.4518
4391,2.2801,1.433
4392,2.3969,2.0295
4393,1.3065,3.0639
4394,4.1571,1.3959
4395,4.6565,3.3534
4396,1.1794,3.234
4397,1.7766,3.3655
4398,3.3648,1.2284
4399,4.0296,2.2157
4400,1.8698,2.4863
4401,2.8327,2.2369
4402,2.7537,3.6324
4403,2.2689,2.9065
4404,2.411,2.297
4405,2.8233,3.0183
4406,1.37,3.2028
4407,4.1558,2.0601
4408,2.2635,1.6168
4409,2.8115,3.6309
4410,2.8477,3.5205
4411,1.6993,2.9008
4412,0.9495,1.6274
4413,2.618,1.7554
4414,2.7332,3.396
4415,4.9117,1.9585
4416,2.3915,1.1205
4417,3.0171,2.1378
4418,3.2042,2.5605
4419,2.0641,4.0871
4420,1.2103,1.8257
4421,1.3123,2.6092
4422,2.9889,1.2753
4423,3.5194,0.5774
4424,1.7556,0.5838
4425,1.9576,1.8006
4426,4.1354,3.7838
4427,3.6,3.3661
4428,0.9397,1.6436
4429,2.6237,1.7073
4430,3.2828,2.9849
4431,4.6705,1.1632
4432,2.3816,2.3366
4433,1.1504,3.3835
4434,3.1061,2.7234
4435,2.6621,2.3183
4436,1.9033,3.9887
4437,1.8288,3.4778
4438,2.0846,1.7428
4439,3.1445,3.3688
4440,2.0815,1.1865
4441,3.0616,1.7573
4442,2.3538,3.0042
4443,5.2221,2.4132
4444,0.5768,2.8625
4445,1.1384,3.0623
4446,3.0648,3.254
4447,2.9723,3.3772
4448,1.537,2.9086
4449,1.8786,2.0199
4450,3.7445,1.1867
4451,4.5848,0.5818
4452,1.8577,1.179
4453,3.0573,3.7087
4454,2.7554,2.1846
4455,4.2844,1.4363
4456,2.5966,3.3432
4457,4.7068,0.5763
4458,3.0919,3.1983
4459,3.4707,4.0413
4460,1.5353,1.6852
4461,2.4291,2.8941
4462,2.3505,2.4058
4463,4.6651,3.0957
4464,1.5443,1.9784
4465,2.6617,2.5334
4466,2.4946,0.7146
4467,3.1859,3.047
4468,1.1891,3.3167
4469,2.7164,2.2618
4470,2.1259,2.5997
4471,1.9217,3.9093
4472,2.3957,3.3901
4473,1.9508,2.5085
4474,3.7681,1.3809
4475,3.1403,3.5545
4476,0.9649,3.6263
4477,2.1072,2.6812
4478,1.9984,3.8285
4479,3.6445,2.75
4480,1.9904,0.6034
4481,3.1406,4.2195
4482,1.9686,2.5686
4483,2.6592,2.737
4484,0.8549,2.6249
4485,2.5707,1.6561
4486,2.9649,3.1896
4487,2.3412,3.1766
4488,0.8297,2.478
4489,4.076,2.1567
4490,2.81,1.2766
4491,3.594,2.9392
4492,0.595,3.6051
4493,3.0682,2.0918
4494,3.5129,2.8407
4495,2.355,1.9112
4496,0.5879,1.7358
4497,1.8168,3.0644
4498,2.1358,2.3805
4499,1.6806,4.3443
4500,1.004,1.395
4501,2.5993,3.0827
4502,3.7956,0.585
4503,4.86,2.1475
4504,1.3996,2.7057
4505,2.7905,2.9278
4506,2.8913,2.1332
4507,1.9405,2.2837
4508,0.9788,3.7148
4509,3.7382,1.1707
4510,3.1037,3.4032
4511,3.2947,3.7984
4512,0.9539,3.3698
4513,1.5778,3.1307
4514,2.1678,3.3687
4515,3.1914,3.049
4516,0.9782,3.145
4517,1.1562,3.0907
4518,1.4407,3.3883
4519,4.653,1.9553
4520,1.3124,2.6659
4521,1.6135,2.6325
4522,2.7571,1.9149
4523,4.3397,2.156
4524,2.6668,1.1203
4525,2.841,3.3258
4526,1.4094,3.2878
4527,4.9954,0.604
4528,2.5459,1.2815
4529,1.5674,1.7602
4530,2.166,2.2182
4531,3.4477,2.8282
4532,1.2954,3.0553
4533,1.9933,1.6762
4534,2.8437,3.2348
4535,2.5127,3.7907
4536,0.6555,3.6017
4537,4.1266,2.0954
4538,3.6062,3.2317
4539,2.1979,4.2968
4540,1.5971,3.6377
4541,2.6641,0.599
4542,3.1786,1.2013
4543,3.2004,3.9227
4544,0.7212,3.3377
4545,1.1483,2.2015
4546,3.4038,3.2474
4547,4.2389,1.1797
4548,2.4547,1.1591
4549,3.572,1.3825
4550,3.5125,3.361
4551,2.156,4.0626
4552,1.5909,1.7373
