request_id|subject|target_node|ingress_node|processed_by|routed_from|routed_to|prefix_match_input_tokens|expected_cache_hit_tokens|expected_cache_hit_ratio|sglang_prompt_tokens|sglang_cache_hit_tokens|sglang_uncached_prefill_tokens|sglang_cache_hit_ratio|inference_time_s|actual_sglang_inference_time_s|communication_time_s|routing_processing_time_s|local_processing_time_s|other_processing_time_s|local_snapshot_match_after_process|total_time_s|generated_text|error
0|professional_law|0|0|0|||1359|0|0.0|1359|0|1359|0.0|0.6847|0.0147|0.0|0.0206|0.0039|0.0245|1359|0.7092| B|
1|professional_psychology|1|1|1|||460|0|0.0|460|0|460|0.0|0.24|0.0101|0.0|0.0035|0.0023|0.0058|460|0.2458| C|
2|miscellaneous|2|2|2|||292|0|0.0|292|0|292|0.0|0.182|0.009|0.0|0.0031|0.0022|0.0053|292|0.1873| B|
3|human_aging|3|3|3|||351|1|0.0028|351|1|350|0.0028|0.2011|0.0125|0.0|0.004|0.0039|0.0079|351|0.209| D|
4|anatomy|0|0|0|||388|0|0.0|388|0|388|0.0|0.2142|0.0105|0.0|0.0075|0.0089|0.0164|388|0.2306| B|
5|high_school_biology|1|1|1|||395|0|0.0|395|0|395|0.0|0.2166|0.0119|0.0|0.0057|0.0057|0.0114|395|0.228| B|
6|professional_law|0|0|0|||1409|1179|0.8368|1409|1179|230|0.8368|0.1626|0.0211|0.0|0.0117|0.0139|0.0256|1409|0.1882| A|
7|high_school_chemistry|2|2|2|||449|0|0.0|449|0|449|0.0|0.236|0.0126|0.0|0.0086|0.0031|0.0117|449|0.2477| A|
8|professional_accounting|3|3|3|||561|0|0.0|561|0|561|0.0|0.2787|0.0134|0.0|0.006|0.0063|0.0123|561|0.291| C|
9|human_aging|1|1|1|||307|1|0.0033|307|1|306|0.0033|0.1865|0.0108|0.0|0.007|0.0076|0.0146|307|0.2011| C|
10|public_relations|0|0|0|||399|0|0.0|399|0|399|0.0|0.218|0.0106|0.0|0.0157|0.0078|0.0235|399|0.2415| C|
11|sociology|1|1|1|||403|0|0.0|403|0|403|0.0|0.2195|0.0085|0.0|0.0057|0.0045|0.0102|403|0.2297| B|
12|miscellaneous|2|2|2|||294|261|0.8878|294|261|33|0.8878|0.1081|0.0088|0.0|0.0041|0.0038|0.0079|294|0.116| A|
13|high_school_chemistry|3|3|3|||458|0|0.0|458|0|458|0.0|0.2393|0.0102|0.0|0.0074|0.004|0.0114|458|0.2507| B|
14|moral_scenarios|2|2|2|||625|0|0.0|625|0|625|0.0|0.3047|0.0089|0.0|0.0051|0.0049|0.01|625|0.3147| C|
15|professional_law|0|0|0|||1341|1178|0.8784|1341|1178|163|0.8784|0.1428|0.0141|0.0|0.0115|0.0213|0.0328|1341|0.1756| D|
16|prehistory|3|3|3|||429|0|0.0|429|0|429|0.0|0.2287|0.0109|0.0|0.0112|0.0096|0.0208|429|0.2495| D|
17|professional_psychology|1|1|1|||393|352|0.8957|393|352|41|0.8957|0.1101|0.0107|0.0|0.0109|0.011|0.0219|393|0.132| D|
18|college_chemistry|0|0|0|||430|1|0.0023|430|1|429|0.0023|0.2287|0.0112|0.0|0.0221|0.0222|0.0443|430|0.273| B|
19|professional_psychology|2|2|2|||406|0|0.0|406|0|406|0.0|0.2205|0.0109|0.0|0.0108|0.0106|0.0214|406|0.2419| A|
20|high_school_chemistry|3|3|3|||436|379|0.8693|436|379|57|0.8693|0.1141|0.0106|0.0|0.0108|0.0114|0.0222|436|0.1363| C|
21|electrical_engineering|1|1|1|||385|1|0.0026|385|1|384|0.0026|0.2128|0.0093|0.0|0.0071|0.0062|0.0133|385|0.2261| C|
22|high_school_biology|0|0|0|||478|0|0.0|478|0|478|0.0|0.2467|0.0093|0.0|0.0132|0.012|0.0252|478|0.2719| B|
23|management|2|2|2|||278|0|0.0|278|0|278|0.0|0.1775|0.0122|0.0|0.0197|0.0119|0.0316|278|0.2091| D|
24|professional_psychology|1|1|1|||428|352|0.8224|428|352|76|0.8224|0.119|0.0092|0.0|0.0078|0.0067|0.0145|428|0.1335| D|
25|jurisprudence|3|3|3|||535|0|0.0|535|0|535|0.0|0.2685|0.0096|0.0|0.008|0.007|0.015|535|0.2835| C|
26|moral_disputes|0|0|0|||404|0|0.0|404|0|404|0.0|0.2198|0.0113|0.0|0.0278|0.0278|0.0556|404|0.2754| B|
27|elementary_mathematics|1|1|1|||395|0|0.0|395|0|395|0.0|0.2166|0.0113|0.0|0.0178|0.018|0.0358|395|0.2524| B|
28|high_school_world_history|2|2|2|||1656|0|0.0|1656|0|1656|0.0|0.8814|0.0192|0.0|0.0235|0.0219|0.0454|1656|0.9268| C|
29|philosophy|3|3|3|||288|0|0.0|288|0|288|0.0|0.1807|0.0121|0.0|0.019|0.0184|0.0374|288|0.2181| D|
30|elementary_mathematics|2|2|2|||360|3|0.0083|360|3|357|0.0083|0.2035|0.0125|0.0|0.0242|0.0232|0.0474|360|0.2509| B|
31|international_law|0|0|0|||537|1|0.0019|537|1|536|0.0019|0.2689|0.0134|0.0|0.0353|0.0341|0.0694|537|0.3383| C|
32|professional_psychology|3|3|3|||429|1|0.0023|429|1|428|0.0023|0.2284|0.0122|0.0|0.0275|0.034|0.0615|429|0.2899| B|
33|logical_fallacies|1|1|0|1|0|502|1|0.002|502|1|501|0.002|0.2554|0.014|2.1693|0.0214|0.0224|0.0438|502|2.4685| C|
34|high_school_european_history|2|2|2|||1637|8|0.0049|1637|8|1629|0.0049|0.8625|0.0197|0.0|0.0384|0.0311|0.0695|1637|0.932| C|
35|miscellaneous|0|0|2|0|2|291|261|0.8969|291|261|30|0.8969|0.1073|0.0117|2.059|0.0477|0.032|0.0797|291|2.246| D|
36|high_school_microeconomics|3|3|3|||456|0|0.0|456|0|456|0.0|0.2386|0.013|0.0|0.0222|0.0216|0.0438|456|0.2824| C|
37|professional_law|1|1|0|1|0|1336|1177|0.881|1336|1177|159|0.881|0.1417|0.0154|2.0346|0.023|0.0413|0.0643|1336|2.2406| D|
38|high_school_psychology|0|0|0|||331|0|0.0|331|0|331|0.0|0.1948|0.0115|0.0|0.0425|0.0426|0.0851|331|0.2799| C|
39|high_school_geography|1|1|1|||284|1|0.0035|284|1|283|0.0035|0.1791|0.013|0.0|0.0194|0.0196|0.039|284|0.2181| C|
40|moral_scenarios|2|2|2|||623|560|0.8989|623|560|63|0.8989|0.1157|0.0272|0.0|0.0332|0.0316|0.0648|623|0.1805| A|
41|high_school_world_history|3|3|2|3|2|1827|1440|0.7882|1827|1440|387|0.7882|0.2138|0.019|2.0295|0.0268|0.0431|0.0699|1827|2.3132| D|
42|moral_scenarios|0|0|2|0|2|631|560|0.8875|631|560|71|0.8875|0.1177|0.0103|2.012|0.0295|0.0187|0.0482|631|2.1779| A|
43|us_foreign_policy|2|2|2|||369|3|0.0081|369|3|366|0.0081|0.2066|0.0151|0.0|0.0674|0.0392|0.1066|369|0.3132| C|
44|high_school_us_history|3|3|2|3|2|1775|8|0.0045|1775|8|1767|0.0045|0.9612|0.0231|2.1289|0.031|0.0485|0.0795|1775|3.1696| B|
45|professional_psychology|1|1|1|||468|352|0.7521|468|352|116|0.7521|0.1297|0.0094|0.0|0.0105|0.009|0.0195|468|0.1492| B|
46|professional_psychology|2|2|2|||411|352|0.8564|411|352|59|0.8564|0.1146|0.0138|0.0|0.067|0.0696|0.1366|411|0.2512| B|
47|college_physics|0|0|0|||512|1|0.002|512|1|511|0.002|0.2592|0.0169|0.0|0.0472|0.0468|0.094|512|0.3532| B|
48|international_law|3|3|0|3|0|515|440|0.8544|515|440|75|0.8544|0.1188|0.0133|2.0293|0.0332|0.0562|0.0894|515|2.2375| B|
49|astronomy|1|1|1|||386|2|0.0052|386|2|384|0.0052|0.2128|0.0119|0.0|0.029|0.046|0.075|386|0.2878| B|
50|global_facts|2|2|2|||325|0|0.0|325|0|325|0.0|0.1928|0.0106|0.0|0.0604|0.0565|0.1169|325|0.3097| C|
51|miscellaneous|0|0|2|0|2|307|264|0.8599|307|264|43|0.8599|0.1106|0.0122|2.0739|0.0474|0.0486|0.096|307|2.2805| B|
52|moral_scenarios|1|1|2|1|2|611|561|0.9182|611|561|50|0.9182|0.1124|0.0125|1.8774|0.0261|0.0631|0.0892|611|2.079| C|
53|formal_logic|3|3|3|||709|0|0.0|709|0|709|0.0|0.3405|0.0124|0.0|0.0225|0.0105|0.033|709|0.3735| A|
54|high_school_macroeconomics|0|0|0|||461|0|0.0|461|0|461|0.0|0.2404|0.0097|0.0|0.022|0.0268|0.0488|461|0.2892| C|
55|logical_fallacies|2|2|0|2|0|577|416|0.721|577|416|161|0.721|0.1423|0.0104|1.8684|0.0712|0.0223|0.0935|577|2.1042| D|
56|moral_scenarios|3|3|2|3|2|619|561|0.9063|619|561|58|0.9063|0.1144|0.0121|2.0041|0.041|0.0642|0.1052|619|2.2237| C|
57|high_school_psychology|0|0|0|||387|289|0.7468|387|289|98|0.7468|0.1249|0.0117|0.0|0.0592|0.0527|0.1119|387|0.2368| B|
58|elementary_mathematics|1|1|2|1|2|359|322|0.8969|359|322|37|0.8969|0.1091|0.0115|1.927|0.0152|0.0573|0.0725|359|2.1086| B|
59|human_sexuality|1|1|1|||382|4|0.0105|382|4|378|0.0105|0.2107|0.0132|0.0|0.0247|0.0144|0.0391|382|0.2498| B|
60|miscellaneous|2|2|2|||301|262|0.8704|301|262|39|0.8704|0.1096|0.0211|0.0|0.0705|0.0558|0.1263|301|0.2359| C|
61|nutrition|2|2|2|||378|1|0.0026|378|1|377|0.0026|0.2104|0.0123|0.0|0.0482|0.042|0.0902|378|0.3006| B|
62|philosophy|3|3|3|||284|246|0.8662|284|246|38|0.8662|0.1093|0.0105|0.0|0.0228|0.0159|0.0387|284|0.148| A|
63|high_school_psychology|0|0|0|||359|289|0.805|359|289|70|0.805|0.1175|0.0116|0.0|0.0572|0.0543|0.1115|359|0.229| B|
64|world_religions|3|3|3|||254|0|0.0|254|0|254|0.0|0.17|0.0117|0.0|0.0305|0.0279|0.0584|254|0.2284| C|
65|miscellaneous|1|1|2|1|2|362|261|0.721|362|261|101|0.721|0.1257|0.0117|2.0219|0.0275|0.0728|0.1003|362|2.2479| C|
66|virology|0|0|0|||309|0|0.0|309|0|309|0.0|0.1875|0.0092|0.0|0.0251|0.0242|0.0493|309|0.2368| B|
67|professional_law|2|2|0|2|0|1408|1177|0.8359|1408|1177|231|0.8359|0.1629|0.0169|2.091|0.0491|0.0631|0.1122|1408|2.3661| D|
68|high_school_chemistry|3|3|3|||419|379|0.9045|419|379|40|0.9045|0.1098|0.0096|0.0|0.0266|0.0149|0.0415|419|0.1513| C|
69|moral_scenarios|0|0|2|0|2|617|561|0.9092|617|561|56|0.9092|0.1139|0.0118|2.0067|0.0562|0.0432|0.0994|617|2.22| A|
70|professional_law|1|1|0|1|0|1336|1178|0.8817|1336|1178|158|0.8817|0.1414|0.02|1.8359|0.0288|0.0568|0.0856|1336|2.0629| C|
71|high_school_psychology|2|2|0|2|0|348|289|0.8305|348|289|59|0.8305|0.1146|0.0121|1.8777|0.0759|0.0676|0.1435|348|2.1358| B|
72|high_school_geography|3|3|1|3|1|293|247|0.843|293|247|46|0.843|0.1113|0.012|2.0719|0.0167|0.0282|0.0449|293|2.2281| D|
73|world_religions|0|0|3|0|3|250|206|0.824|250|206|44|0.824|0.1108|0.0106|2.0075|0.0652|0.0217|0.0869|250|2.2052| B|
74|miscellaneous|1|1|2|1|2|293|266|0.9078|293|266|27|0.9078|0.1066|0.0227|1.9977|0.0137|0.0634|0.0771|293|2.1814| C|
75|prehistory|2|2|3|2|3|419|343|0.8186|419|343|76|0.8186|0.119|0.0115|1.9883|0.075|0.0357|0.1107|419|2.218| A|
76|us_foreign_policy|3|3|2|3|2|345|293|0.8493|345|293|52|0.8493|0.1129|0.0155|2.0759|0.0395|0.0667|0.1062|345|2.295| D|
77|world_religions|0|0|3|0|3|261|206|0.7893|261|206|55|0.7893|0.1136|0.0124|2.0926|0.0658|0.0276|0.0934|261|2.2996| D|
78|high_school_psychology|1|1|0|1|0|366|290|0.7923|366|290|76|0.7923|0.119|0.075|2.0673|0.0231|0.0564|0.0795|366|2.2658| C|
79|high_school_macroeconomics|2|2|0|2|0|414|369|0.8913|414|369|45|0.8913|0.1111|0.0122|2.0776|0.081|0.0596|0.1406|414|2.3293| B|
80|high_school_microeconomics|3|3|3|||521|386|0.7409|521|386|135|0.7409|0.135|0.0134|0.0|0.0372|0.0563|0.0935|521|0.2285| D|
81|miscellaneous|0|0|2|0|2|335|261|0.7791|335|261|74|0.7791|0.1185|0.0126|2.058|0.0812|0.0666|0.1478|335|2.3243| D|
82|econometrics|1|1|1|||674|1|0.0015|674|1|673|0.0015|0.3249|0.0169|0.0|0.0312|0.0238|0.055|674|0.3799| D|
83|professional_law|1|1|0|1|0|1607|1178|0.733|1607|1178|429|0.733|0.2287|0.0178|2.0039|0.0376|0.0705|0.1081|1607|2.3407| D|
84|professional_law|2|2|0|2|0|1387|1178|0.8493|1387|1178|209|0.8493|0.1563|0.015|1.8475|0.0361|0.0921|0.1282|1387|2.132| B|
85|astronomy|3|3|1|3|1|382|338|0.8848|382|338|44|0.8848|0.1108|0.0117|1.9298|0.0347|0.0259|0.0606|382|2.1012| D|
86|global_facts|0|0|2|0|2|339|275|0.8112|339|275|64|0.8112|0.1159|0.0124|2.0622|0.0816|0.0814|0.163|339|2.3411| B|
87|computer_security|2|2|2|||518|4|0.0077|518|4|514|0.0077|0.2603|0.0521|0.0|0.0729|0.0523|0.1252|518|0.3855| A|
88|professional_law|1|1|0|1|0|1405|1179|0.8391|1405|1179|226|0.8391|0.1614|0.0137|1.9121|0.0309|0.0507|0.0816|1405|2.1551| B|
89|high_school_biology|2|2|0|2|0|401|329|0.8204|401|329|72|0.8204|0.118|0.0125|2.0564|0.0894|0.073|0.1624|401|2.3368| A|
90|high_school_statistics|3|3|3|||697|1|0.0014|697|1|696|0.0014|0.3349|0.016|0.0|0.0549|0.0363|0.0912|697|0.4261| C|
91|professional_law|3|3|0|3|0|1448|1178|0.8135|1448|1178|270|0.8135|0.175|0.0285|1.928|0.0424|0.0818|0.1242|1448|2.2272| C|
92|high_school_psychology|0|0|0|||323|289|0.8947|323|289|34|0.8947|0.1083|0.0118|0.0|0.0778|0.0764|0.1542|323|0.2625| A|
93|machine_learning|0|0|0|||392|0|0.0|392|0|392|0.0|0.2156|0.0119|0.0|0.0758|0.0453|0.1211|392|0.3367| B|
94|college_mathematics|1|1|1|||479|0|0.0|479|0|479|0.0|0.2471|0.0138|0.0|0.0334|0.0279|0.0613|479|0.3084| C|
95|professional_law|1|1|0|1|0|1407|1177|0.8365|1407|1177|230|0.8365|0.1626|0.0122|2.0701|0.0306|0.066|0.0966|1407|2.3293| A|
96|formal_logic|2|2|3|2|3|759|634|0.8353|759|634|125|0.8353|0.1322|0.0117|2.037|0.0627|0.0431|0.1058|759|2.275| C|
97|sociology|3|3|1|3|1|424|329|0.7759|424|329|95|0.7759|0.1241|0.0108|1.9776|0.0392|0.0154|0.0546|424|2.1563| C|
98|professional_medicine|2|2|0|2|0|1287|1|0.0008|1287|1|1286|0.0008|0.6402|0.017|2.125|0.0705|0.0836|0.1541|1287|2.9193| C|
99|human_sexuality|0|0|1|0|1|380|337|0.8868|380|337|43|0.8868|0.1106|0.0132|1.8539|0.1094|0.0297|0.1391|380|2.1036| D|
100|miscellaneous|1|1|2|1|2|291|261|0.8969|291|261|30|0.8969|0.1073|0.0121|2.0677|0.0444|0.0489|0.0933|291|2.2683| C|
101|world_religions|2|2|3|2|3|243|207|0.8519|243|207|36|0.8519|0.1088|0.011|2.0603|0.0478|0.0392|0.087|243|2.2561| A|
102|security_studies|3|3|3|||1083|2|0.0018|1083|2|1081|0.0018|0.523|0.0183|0.0|0.0459|0.0464|0.0923|1083|0.6153| A|
103|high_school_psychology|3|3|0|3|0|328|290|0.8841|328|290|38|0.8841|0.1093|0.0097|1.9742|0.0483|0.0485|0.0968|328|2.1803| C|
104|high_school_biology|0|0|1|0|1|367|333|0.9074|367|333|34|0.9074|0.1083|0.0098|2.0052|0.1189|0.0168|0.1357|367|2.2492| D|
105|professional_accounting|1|1|3|1|3|598|465|0.7776|598|465|133|0.7776|0.1344|0.0133|2.139|0.0195|0.0557|0.0752|598|2.3486| D|
106|high_school_physics|0|0|0|||615|1|0.0016|615|1|614|0.0016|0.3001|0.0121|0.0|0.1098|0.0877|0.1975|615|0.4976| C|
107|high_school_macroeconomics|2|2|0|2|0|418|368|0.8804|418|368|50|0.8804|0.1124|0.0137|1.9097|0.0568|0.0742|0.131|418|2.1531| C|
108|miscellaneous|3|3|2|3|2|330|262|0.7939|330|262|68|0.7939|0.117|0.0149|2.0421|0.0506|0.0702|0.1208|330|2.2799| B|
109|computer_security|0|0|2|0|2|501|453|0.9042|501|453|48|0.9042|0.1118|0.0135|2.1497|0.1055|0.0366|0.1421|501|2.4036| D|
110|high_school_microeconomics|1|1|3|1|3|468|386|0.8248|468|386|82|0.8248|0.1206|0.0127|2.0854|0.0417|0.0563|0.098|468|2.304| B|
111|high_school_mathematics|1|1|1|||578|0|0.0|578|0|578|0.0|0.2855|0.0149|0.0|0.0288|0.0185|0.0473|578|0.3328| B|
112|high_school_chemistry|2|2|3|2|3|412|387|0.9393|412|387|25|0.9393|0.1061|0.0125|2.0506|0.0438|0.0591|0.1029|412|2.2596| D|
113|conceptual_physics|2|2|0|2|0|281|2|0.0071|281|2|279|0.0071|0.1779|0.0129|2.0479|0.0909|0.1075|0.1984|281|2.4242| B|
114|human_aging|3|3|3|||293|261|0.8908|293|261|32|0.8908|0.1078|0.0115|0.0|0.0356|0.0543|0.0899|293|0.1977| A|
115|clinical_knowledge|3|3|1|3|1|290|1|0.0034|290|1|289|0.0034|0.1811|0.0119|2.0807|0.055|0.0404|0.0954|290|2.3572| B|
116|moral_disputes|0|0|0|||365|318|0.8712|365|318|47|0.8712|0.1116|0.0105|0.0|0.092|0.0628|0.1548|365|0.2664| C|
117|moral_disputes|1|1|0|1|0|393|318|0.8092|393|318|75|0.8092|0.1188|0.0127|1.8103|0.041|0.0726|0.1136|393|2.0427| A|
118|prehistory|2|2|3|2|3|383|343|0.8956|383|343|40|0.8956|0.1098|0.0123|1.9957|0.086|0.048|0.134|383|2.2395| C|
119|professional_psychology|3|3|3|||388|352|0.9072|388|352|36|0.9072|0.1088|0.0112|0.0|0.0528|0.0456|0.0984|388|0.2072| A|
120|moral_scenarios|0|0|2|0|2|615|561|0.9122|615|561|54|0.9122|0.1134|0.012|1.9425|0.0969|0.0801|0.177|615|2.2329| C|
121|anatomy|1|1|0|1|0|410|298|0.7268|410|298|112|0.7268|0.1286|0.0116|2.0004|0.0266|0.0973|0.1239|410|2.2529| A|
122|conceptual_physics|2|2|0|2|0|308|243|0.789|308|243|65|0.789|0.1162|0.0112|1.9945|0.0581|0.1017|0.1598|308|2.2705| A|
123|moral_scenarios|3|3|2|3|2|630|563|0.8937|630|563|67|0.8937|0.1167|0.0108|1.8804|0.0462|0.0441|0.0903|630|2.0874| C|
124|professional_law|0|0|0|||1440|1178|0.8181|1440|1178|262|0.8181|0.1725|0.0142|0.0|0.0792|0.0895|0.1687|1440|0.3412| B|
125|us_foreign_policy|1|1|2|1|2|341|292|0.8563|341|292|49|0.8563|0.1121|0.0122|1.9634|0.0376|0.1041|0.1417|341|2.2172| C|
126|high_school_macroeconomics|2|2|0|2|0|476|368|0.7731|476|368|108|0.7731|0.1276|0.0114|2.1314|0.0922|0.0841|0.1763|476|2.4353| C|
127|prehistory|3|3|3|||398|343|0.8618|398|343|55|0.8618|0.1136|0.0209|0.0|0.0451|0.0279|0.073|398|0.1866| B|
128|high_school_european_history|0|0|2|0|2|1991|1492|0.7494|1991|1492|499|0.7494|0.2546|0.0197|1.9938|0.0972|0.065|0.1622|1991|2.4106| C|
129|marketing|0|0|2|0|2|387|1|0.0026|387|1|386|0.0026|0.2135|0.0128|2.027|0.0773|0.0745|0.1518|387|2.3923| D|
130|moral_disputes|1|1|0|1|0|411|318|0.7737|411|318|93|0.7737|0.1235|0.0112|1.9652|0.0463|0.06|0.1063|411|2.195| A|
131|moral_scenarios|2|2|2|||627|561|0.8947|627|561|66|0.8947|0.1164|0.0104|0.0|0.0843|0.0544|0.1387|627|0.2551| C|
132|anatomy|3|3|0|3|0|341|298|0.8739|341|298|43|0.8739|0.1106|0.0099|1.9566|0.0343|0.0549|0.0892|341|2.1564| C|
133|high_school_psychology|0|0|0|||318|290|0.9119|318|290|28|0.9119|0.1068|0.0097|0.0|0.063|0.0665|0.1295|318|0.2363| B|
134|professional_psychology|1|1|1|||398|352|0.8844|398|352|46|0.8844|0.1113|0.0146|0.0|0.0206|0.0272|0.0478|398|0.1591| D|
135|moral_scenarios|2|2|2|||623|561|0.9005|623|561|62|0.9005|0.1154|0.0104|0.0|0.0468|0.0477|0.0945|623|0.2099| C|
136|business_ethics|1|1|1|||424|0|0.0|424|0|424|0.0|0.2269|0.013|0.0|0.0337|0.0364|0.0701|424|0.297| C|
137|miscellaneous|3|3|2|3|2|342|261|0.7632|342|261|81|0.7632|0.1204|0.0121|2.0372|0.059|0.0578|0.1168|342|2.2744| C|
138|clinical_knowledge|0|0|1|0|1|301|235|0.7807|301|235|66|0.7807|0.1164|0.0118|1.9088|0.075|0.0506|0.1256|301|2.1508| C|
139|high_school_physics|1|1|0|1|0|669|528|0.7892|669|528|141|0.7892|0.1366|0.0143|1.922|0.0236|0.1441|0.1677|669|2.2263| A|
140|moral_scenarios|2|2|2|||630|561|0.8905|630|561|69|0.8905|0.1172|0.0109|0.0|0.0937|0.2407|0.3344|630|0.4516| C|
141|moral_scenarios|3|3|2|3|2|626|560|0.8946|626|560|66|0.8946|0.1164|0.0579|2.1221|0.0288|0.0561|0.0849|626|2.3234| C|
142|high_school_world_history|0|0|2|0|2|1664|1440|0.8654|1664|1440|224|0.8654|0.1608|0.0128|2.1079|0.0657|0.0553|0.121|1664|2.3897| D|
143|professional_law|1|1|0|1|0|1379|1181|0.8564|1379|1181|198|0.8564|0.153|0.0133|1.8968|0.0596|0.0969|0.1565|1379|2.2063| B|
144|high_school_macroeconomics|2|2|0|2|0|414|368|0.8889|414|368|46|0.8889|0.1113|0.0116|1.9475|0.07|0.1164|0.1864|414|2.2452| D|
145|high_school_chemistry|3|3|3|||460|380|0.8261|460|380|80|0.8261|0.1201|0.0101|0.0|0.0543|0.0276|0.0819|460|0.202| A|
146|clinical_knowledge|0|0|1|0|1|308|241|0.7825|308|241|67|0.7825|0.1167|0.0129|1.9707|0.1033|0.0516|0.1549|308|2.2423| B|
147|high_school_world_history|1|1|2|1|2|1758|1440|0.8191|1758|1440|318|0.8191|0.1905|0.0133|1.9072|0.0643|0.0737|0.138|1758|2.2357| C|
148|world_religions|2|2|3|2|3|277|206|0.7437|277|206|71|0.7437|0.1177|0.012|2.074|0.0607|0.0695|0.1302|277|2.3219| A|
149|high_school_us_history|3|3|2|3|2|1779|1468|0.8252|1779|1468|311|0.8252|0.1882|0.0186|2.1424|0.0581|0.1068|0.1649|1779|2.4955| C|
150|medical_genetics|2|2|0|2|0|347|2|0.0058|347|2|345|0.0058|0.1995|0.0148|1.8757|0.0572|0.1132|0.1704|347|2.2456| C|
151|philosophy|0|0|3|0|3|310|246|0.7935|310|246|64|0.7935|0.1159|0.013|2.0241|0.1279|0.0608|0.1887|310|2.3287| C|
152|professional_law|1|1|0|1|0|1400|1178|0.8414|1400|1178|222|0.8414|0.1602|0.022|2.0588|0.0602|0.0989|0.1591|1400|2.3781| A|
153|high_school_biology|2|2|0|2|0|390|329|0.8436|390|329|61|0.8436|0.1152|0.0126|2.0002|0.1153|0.1195|0.2348|390|2.3502| C|
154|moral_scenarios|3|3|2|3|2|613|561|0.9152|613|561|52|0.9152|0.1129|0.0135|2.0455|0.0716|0.106|0.1776|613|2.336| C|
155|anatomy|0|0|0|||351|298|0.849|351|298|53|0.849|0.1131|0.0107|0.0|0.1389|0.0905|0.2294|351|0.3425| D|
156|human_sexuality|1|1|1|||433|337|0.7783|433|337|96|0.7783|0.1243|0.0115|0.0|0.0492|0.041|0.0902|433|0.2145| C|
157|professional_law|2|2|0|2|0|1348|1178|0.8739|1348|1178|170|0.8739|0.1448|0.0151|1.9742|0.0965|0.099|0.1955|1348|2.3145| D|
158|prehistory|3|3|3|||401|344|0.8579|401|344|57|0.8579|0.1141|0.0119|0.0|0.0564|0.093|0.1494|401|0.2635| B|
159|professional_psychology|0|0|1|0|1|397|352|0.8866|397|352|45|0.8866|0.1111|0.0632|1.9107|0.1188|0.0392|0.158|397|2.1798| B|
160|clinical_knowledge|1|1|1|||281|239|0.8505|281|239|42|0.8505|0.1103|0.0092|0.0|0.0298|0.0538|0.0836|281|0.1939| D|
161|professional_psychology|2|2|2|||416|352|0.8462|416|352|64|0.8462|0.1159|0.0112|0.0|0.0806|0.084|0.1646|416|0.2805| D|
162|college_medicine|3|3|3|||561|1|0.0018|561|1|560|0.0018|0.2783|0.0138|0.0|0.0558|0.0352|0.091|561|0.3693| D|
163|miscellaneous|3|3|2|3|2|305|263|0.8623|305|263|42|0.8623|0.1103|0.0117|2.0358|0.0412|0.1188|0.16|305|2.3061| A|
164|professional_law|0|0|0|||1399|1178|0.842|1399|1178|221|0.842|0.1599|0.0122|0.0|0.1069|0.0826|0.1895|1399|0.3494| C|
165|marketing|1|1|2|1|2|402|340|0.8458|402|340|62|0.8458|0.1154|0.0099|2.019|0.0484|0.0934|0.1418|402|2.2762| C|
166|professional_law|2|2|0|2|0|1365|1179|0.8637|1365|1179|186|0.8637|0.1495|0.0139|1.8765|0.0649|0.0697|0.1346|1365|2.1606| A|
167|professional_law|3|3|0|3|0|1504|1178|0.7832|1504|1178|326|0.7832|0.1931|0.0129|2.0291|0.0723|0.1059|0.1782|1504|2.4004| C|
168|professional_law|0|0|0|||1476|1179|0.7988|1476|1179|297|0.7988|0.1836|0.0497|0.0|0.1116|0.0742|0.1858|1476|0.3694| B|
169|professional_law|1|1|0|1|0|1533|1178|0.7684|1533|1178|355|0.7684|0.2028|0.0128|1.9877|0.0534|0.0954|0.1488|1533|2.3393| B|
170|professional_accounting|2|2|3|2|3|601|465|0.7737|601|465|136|0.7737|0.1352|0.0132|2.0|0.114|0.068|0.182|601|2.3172| C|
171|world_religions|3|3|3|||245|206|0.8408|245|206|39|0.8408|0.1096|0.0098|0.0|0.06|0.0523|0.1123|245|0.2219| A|
172|moral_disputes|0|0|0|||363|318|0.876|363|318|45|0.876|0.1111|0.0119|0.0|0.1524|0.1313|0.2837|363|0.3948| B|
173|high_school_mathematics|1|1|1|||574|495|0.8624|574|495|79|0.8624|0.1198|0.0281|0.0|0.0638|0.0519|0.1157|574|0.2355| B|
174|moral_scenarios|2|2|2|||637|560|0.8791|637|560|77|0.8791|0.1193|0.0132|0.0|0.0601|0.0713|0.1314|637|0.2507| A|
175|elementary_mathematics|3|3|1|3|1|414|320|0.7729|414|320|94|0.7729|0.1238|0.011|1.9994|0.0622|0.0515|0.1137|414|2.2369| B|
176|miscellaneous|0|0|2|0|2|301|261|0.8671|301|261|40|0.8671|0.1098|0.0108|2.0901|0.1495|0.0712|0.2207|301|2.4206| C|
177|elementary_mathematics|1|1|1|||368|320|0.8696|368|320|48|0.8696|0.1118|0.011|0.0|0.0596|0.0469|0.1065|368|0.2183| D|
178|professional_psychology|2|2|2|||405|352|0.8691|405|352|53|0.8691|0.1131|0.0122|0.0|0.092|0.0844|0.1764|405|0.2895| C|
179|security_studies|3|3|3|||939|795|0.8466|939|795|144|0.8466|0.1375|0.0111|0.0|0.0596|0.054|0.1136|939|0.2511| A|
180|professional_law|0|0|0|||1397|1178|0.8432|1397|1178|219|0.8432|0.1593|0.0137|0.0|0.1353|0.1288|0.2641|1397|0.4234| D|
181|moral_scenarios|1|1|2|1|2|617|560|0.9076|617|560|57|0.9076|0.1141|0.0113|2.0362|0.0623|0.0768|0.1391|617|2.2894| A|
182|professional_law|2|2|0|2|0|1320|1177|0.8917|1320|1177|143|0.8917|0.1372|0.0123|1.9609|0.0666|0.0813|0.1479|1320|2.246| C|
183|nutrition|3|3|2|3|2|364|304|0.8352|364|304|60|0.8352|0.1149|0.0122|1.9652|0.085|0.1205|0.2055|364|2.2856| D|
184|human_aging|0|0|1|0|1|302|261|0.8642|302|261|41|0.8642|0.1101|0.0105|1.8789|0.1486|0.0293|0.1779|302|2.1669| C|
185|high_school_macroeconomics|1|1|0|1|0|425|368|0.8659|425|368|57|0.8659|0.1141|0.0105|2.0381|0.03|0.0806|0.1106|425|2.2628| B|
186|moral_disputes|2|2|0|2|0|409|318|0.7775|409|318|91|0.7775|0.123|0.0116|2.0937|0.0826|0.1427|0.2253|409|2.442| C|
187|us_foreign_policy|3|3|2|3|2|336|292|0.869|336|292|44|0.869|0.1108|0.0109|1.8766|0.0734|0.0955|0.1689|336|2.1563| A|
188|high_school_psychology|0|0|0|||372|289|0.7769|372|289|83|0.7769|0.1209|0.011|0.0|0.0952|0.0816|0.1768|372|0.2977| D|
189|high_school_us_history|1|1|2|1|2|1666|1469|0.8818|1666|1469|197|0.8818|0.1527|0.0128|2.152|0.0312|0.0986|0.1298|1666|2.4345| C|
190|college_medicine|2|2|3|2|3|538|446|0.829|538|446|92|0.829|0.1233|0.0131|2.0105|0.0953|0.0693|0.1646|538|2.2984| A|
191|college_biology|0|0|0|||389|0|0.0|389|0|389|0.0|0.2145|0.0112|0.0|0.0991|0.1093|0.2084|389|0.4229| D|
192|high_school_statistics|3|3|3|||631|568|0.9002|631|568|63|0.9002|0.1157|0.0117|0.0|0.0729|0.0775|0.1504|631|0.2661| C|
193|high_school_macroeconomics|0|0|0|||427|372|0.8712|427|372|55|0.8712|0.1136|0.0128|0.0|0.1556|0.1029|0.2585|427|0.3721| D|
194|college_physics|1|1|0|1|0|543|438|0.8066|543|438|105|0.8066|0.1267|0.0123|1.8773|0.1011|0.0858|0.1869|543|2.1909| B|
195|management|2|2|2|||274|233|0.8504|274|233|41|0.8504|0.1101|0.0096|0.0|0.0675|0.0799|0.1474|274|0.2575| B|
196|elementary_mathematics|3|3|1|3|1|380|320|0.8421|380|320|60|0.8421|0.1149|0.0101|2.0113|0.076|0.0277|0.1037|380|2.2299| B|
197|miscellaneous|0|0|2|0|2|297|264|0.8889|297|264|33|0.8889|0.1081|0.0243|1.8973|0.1599|0.0674|0.2273|297|2.2327| A|
198|miscellaneous|1|1|2|1|2|294|263|0.8946|294|263|31|0.8946|0.1076|0.0122|2.0356|0.0599|0.1151|0.175|294|2.3182| C|
199|philosophy|2|2|3|2|3|412|248|0.6019|412|248|164|0.6019|0.1431|0.0102|1.9836|0.1174|0.0441|0.1615|412|2.2882| C|
200|logical_fallacies|3|3|0|3|0|471|416|0.8832|471|416|55|0.8832|0.1136|0.0103|2.0254|0.0467|0.0839|0.1306|471|2.2696| C|
201|high_school_chemistry|0|0|2|0|2|425|379|0.8918|425|379|46|0.8918|0.1113|0.0144|1.9703|0.1232|0.1272|0.2504|425|2.332| B|
202|formal_logic|1|1|3|1|3|756|685|0.9061|756|685|71|0.9061|0.1177|0.0117|1.9418|0.0345|0.0567|0.0912|756|2.1507| C|
203|business_ethics|2|2|1|2|1|484|384|0.7934|484|384|100|0.7934|0.1254|0.0133|1.9669|0.1327|0.0617|0.1944|484|2.2867| C|
204|high_school_microeconomics|3|3|3|||469|387|0.8252|469|387|82|0.8252|0.1206|0.0149|0.0|0.0484|0.0644|0.1128|469|0.2334| D|
205|high_school_geography|0|0|1|0|1|301|248|0.8239|301|248|53|0.8239|0.1131|0.0123|2.0788|0.1221|0.061|0.1831|301|2.375| B|
206|high_school_mathematics|1|1|1|||567|495|0.873|567|495|72|0.873|0.118|0.0123|0.0|0.0581|0.0513|0.1094|567|0.2274| B|
207|high_school_psychology|2|2|0|2|0|340|289|0.85|340|289|51|0.85|0.1126|0.0116|2.0957|0.1006|0.0997|0.2003|340|2.4086| A|
208|machine_learning|3|3|0|3|0|406|347|0.8547|406|347|59|0.8547|0.1146|0.0103|1.9875|0.074|0.0862|0.1602|406|2.2623| C|
209|high_school_world_history|0|0|2|0|2|1582|1440|0.9102|1582|1440|142|0.9102|0.1369|0.0139|1.9413|0.161|0.0698|0.2308|1582|2.309| C|
210|virology|1|1|0|1|0|328|261|0.7957|328|261|67|0.7957|0.1167|0.0117|2.053|0.0577|0.1226|0.1803|328|2.35| B|
211|professional_medicine|2|2|0|2|0|1322|1096|0.829|1322|1096|226|0.829|0.1614|0.0172|2.1575|0.1215|0.1598|0.2813|1322|2.6002| C|
212|us_foreign_policy|3|3|2|3|2|342|293|0.8567|342|293|49|0.8567|0.1121|0.0347|2.1215|0.0915|0.0702|0.1617|342|2.3953| C|
213|high_school_government_and_politics|1|1|1|||495|4|0.0081|495|4|491|0.0081|0.2516|0.0138|0.0|0.0737|0.0668|0.1405|495|0.3921| D|
214|professional_psychology|0|0|3|0|3|404|356|0.8812|404|356|48|0.8812|0.1118|0.0458|1.8555|0.1218|0.0675|0.1893|404|2.1566| A|
215|high_school_macroeconomics|1|1|0|1|0|430|368|0.8558|430|368|62|0.8558|0.1154|0.0413|2.0632|0.0624|0.1236|0.186|430|2.3646| B|
216|professional_law|2|2|0|2|0|1417|1177|0.8306|1417|1177|240|0.8306|0.1657|0.0122|1.965|0.1431|0.1309|0.274|1417|2.4047| D|
217|professional_medicine|3|3|0|3|0|1311|1097|0.8368|1311|1097|214|0.8368|0.1578|0.0128|1.9328|0.0796|0.1441|0.2237|1311|2.3143| D|
218|professional_law|0|0|0|||1388|1178|0.8487|1388|1178|210|0.8487|0.1566|0.014|0.0|0.1395|0.1267|0.2662|1388|0.4228| B|
219|world_religions|1|1|3|1|3|254|207|0.815|254|207|47|0.815|0.1116|0.0115|1.9923|0.0327|0.0702|0.1029|254|2.2068| C|
220|prehistory|2|2|3|2|3|424|343|0.809|424|343|81|0.809|0.1204|0.0123|2.0696|0.0908|0.0751|0.1659|424|2.3559| C|
221|professional_law|3|3|0|3|0|1486|1178|0.7927|1486|1178|308|0.7927|0.1872|0.0299|1.9427|0.068|0.0994|0.1674|1486|2.2973| D|
222|high_school_microeconomics|0|0|3|0|3|455|386|0.8484|455|386|69|0.8484|0.1172|0.0933|1.8871|0.1795|0.0756|0.2551|455|2.2594| C|
223|miscellaneous|1|1|2|1|2|305|261|0.8557|305|261|44|0.8557|0.1108|0.0114|1.8553|0.0714|0.0833|0.1547|305|2.1208| D|
224|professional_accounting|2|2|3|2|3|555|465|0.8378|555|465|90|0.8378|0.1227|0.0106|1.8683|0.1262|0.0514|0.1776|555|2.1686| B|
225|econometrics|3|3|1|3|1|605|502|0.8298|605|502|103|0.8298|0.1262|0.0134|2.0586|0.0555|0.0594|0.1149|605|2.2997| D|
226|moral_disputes|0|0|0|||384|318|0.8281|384|318|66|0.8281|0.1164|0.0108|0.0|0.1609|0.1485|0.3094|384|0.4258| A|
227|moral_scenarios|1|1|2|1|2|617|561|0.9092|617|561|56|0.9092|0.1139|0.0149|2.0024|0.0813|0.1036|0.1849|617|2.3012| C|
228|security_studies|2|2|3|2|3|986|795|0.8063|986|795|191|0.8063|0.1509|0.0156|1.9814|0.1108|0.1|0.2108|986|2.3431| C|
229|miscellaneous|3|3|2|3|2|296|263|0.8885|296|263|33|0.8885|0.1081|0.0116|1.8392|0.1009|0.0962|0.1971|296|2.1444| C|
230|professional_law|0|0|0|||1323|1178|0.8904|1323|1178|145|0.8904|0.1377|0.0466|0.0|0.142|0.1194|0.2614|1323|0.3991| C|
231|high_school_chemistry|1|1|2|1|2|452|379|0.8385|452|379|73|0.8385|0.1183|0.0125|2.035|0.0489|0.1155|0.1644|452|2.3177| D|
232|high_school_geography|2|2|1|2|1|280|247|0.8821|280|247|33|0.8821|0.1081|0.0112|2.0204|0.1301|0.0722|0.2023|280|2.3308| C|
233|professional_medicine|3|3|0|3|0|1304|1096|0.8405|1304|1096|208|0.8405|0.156|0.0735|2.1074|0.0691|0.1026|0.1717|1304|2.4351| B|
234|logical_fallacies|0|0|0|||455|416|0.9143|455|416|39|0.9143|0.1096|0.0118|0.0|0.1723|0.1259|0.2982|455|0.4078| B|
235|college_chemistry|1|1|0|1|0|396|336|0.8485|396|336|60|0.8485|0.1149|0.0925|1.8634|0.0346|0.1396|0.1742|396|2.1525| C|
236|professional_psychology|2|2|2|||401|352|0.8778|401|352|49|0.8778|0.1121|0.0123|0.0|0.1526|0.0899|0.2425|401|0.3546| C|
237|high_school_microeconomics|3|3|3|||449|387|0.8619|449|387|62|0.8619|0.1154|0.0129|0.0|0.0847|0.0652|0.1499|449|0.2653| B|
238|anatomy|0|0|0|||376|298|0.7926|376|298|78|0.7926|0.1196|0.0634|0.0|0.1519|0.133|0.2849|376|0.4045| C|
239|high_school_physics|1|1|0|1|0|624|529|0.8478|624|529|95|0.8478|0.1241|0.0176|2.0172|0.0914|0.1695|0.2609|624|2.4022| B|
240|philosophy|2|2|3|2|3|293|246|0.8396|293|246|47|0.8396|0.1116|0.0128|1.9707|0.1022|0.0952|0.1974|293|2.2797| C|
241|professional_law|3|3|0|3|0|1420|1177|0.8289|1420|1177|243|0.8289|0.1666|0.013|2.0829|0.1077|0.1237|0.2314|1420|2.4809| A|
242|high_school_macroeconomics|0|0|0|||410|372|0.9073|410|372|38|0.9073|0.1093|0.0107|0.0|0.1789|0.1573|0.3362|410|0.4455| A|
243|miscellaneous|1|1|2|1|2|297|262|0.8822|297|262|35|0.8822|0.1086|0.0101|2.0268|0.0579|0.0738|0.1317|297|2.2671| C|
244|college_mathematics|2|2|1|2|1|538|388|0.7212|538|388|150|0.7212|0.1391|0.0118|2.1219|0.1142|0.0449|0.1591|538|2.4201| D|
245|professional_psychology|3|3|3|||395|352|0.8911|395|352|43|0.8911|0.1106|0.0117|0.0|0.0828|0.0895|0.1723|395|0.2829| D|
246|high_school_psychology|0|0|0|||336|289|0.8601|336|289|47|0.8601|0.1116|0.0109|0.0|0.1384|0.1194|0.2578|336|0.3694| D|
247|professional_law|1|1|0|1|0|1629|1179|0.7238|1629|1179|450|0.7238|0.2364|0.013|2.0199|0.0781|0.134|0.2121|1629|2.4684| D|
248|moral_scenarios|2|2|2|||624|561|0.899|624|561|63|0.899|0.1157|0.0112|0.0|0.0964|0.0851|0.1815|624|0.2972| C|
249|high_school_macroeconomics|3|3|0|3|0|417|372|0.8921|417|372|45|0.8921|0.1111|0.0132|2.0346|0.0588|0.2129|0.2717|417|2.4174| C|
250|high_school_macroeconomics|0|0|0|||438|369|0.8425|438|369|69|0.8425|0.1172|0.0117|0.0|0.1785|0.1475|0.326|438|0.4432| D|
251|professional_medicine|1|1|0|1|0|1350|1096|0.8119|1350|1096|254|0.8119|0.17|0.0128|2.0299|0.0677|0.1274|0.1951|1350|2.395| A|
252|professional_law|2|2|0|2|0|1367|1178|0.8617|1367|1178|189|0.8617|0.1504|0.0188|1.9657|0.1241|0.1375|0.2616|1367|2.3777| C|
253|logical_fallacies|3|3|0|3|0|502|416|0.8287|502|416|86|0.8287|0.1217|0.0149|2.0432|0.0665|0.1497|0.2162|502|2.3811| D|
254|world_religions|0|0|3|0|3|241|206|0.8548|241|206|35|0.8548|0.1086|0.0108|1.9348|0.1704|0.0636|0.234|241|2.2774| C|
255|professional_accounting|1|1|3|1|3|660|465|0.7045|660|465|195|0.7045|0.1521|0.0113|1.9601|0.0374|0.0611|0.0985|660|2.2107| B|
256|logical_fallacies|2|2|0|2|0|466|416|0.8927|466|416|50|0.8927|0.1124|0.0107|2.0823|0.1307|0.1187|0.2494|466|2.4441| C|
257|moral_scenarios|3|3|2|3|2|619|561|0.9063|619|561|58|0.9063|0.1144|0.0401|1.9774|0.147|0.1326|0.2796|619|2.3714| A|
258|high_school_physics|0|0|0|||619|529|0.8546|619|529|90|0.8546|0.1227|0.0115|0.0|0.121|0.1194|0.2404|619|0.3631| D|
259|nutrition|1|1|2|1|2|411|305|0.7421|411|305|106|0.7421|0.127|0.0135|2.0465|0.0388|0.1396|0.1784|411|2.3519| C|
260|professional_law|2|2|0|2|0|1467|1177|0.8023|1467|1177|290|0.8023|0.1814|0.0175|2.0783|0.1008|0.1971|0.2979|1467|2.5576| A|
261|professional_law|3|3|0|3|0|1425|1178|0.8267|1425|1178|247|0.8267|0.1678|0.0131|2.0859|0.0655|0.1752|0.2407|1425|2.4944| B|
262|professional_law|0|0|0|||1344|1178|0.8765|1344|1178|166|0.8765|0.1437|0.1114|0.0|0.2578|0.1987|0.4565|1344|0.6002| B|
263|high_school_microeconomics|1|1|3|1|3|450|386|0.8578|450|386|64|0.8578|0.1159|0.0112|2.0218|0.0481|0.1217|0.1698|450|2.3075| C|
264|machine_learning|2|2|0|2|0|390|347|0.8897|390|347|43|0.8897|0.1106|0.0105|1.8848|0.1632|0.1912|0.3544|390|2.3498| B|
265|high_school_geography|3|3|1|3|1|276|248|0.8986|276|248|28|0.8986|0.1068|0.0122|2.1109|0.0619|0.0627|0.1246|276|2.3423| B|
266|high_school_physics|0|0|0|||612|528|0.8627|612|528|84|0.8627|0.1211|0.0116|0.0|0.1945|0.1465|0.341|612|0.4621| B|
267|world_religions|1|1|3|1|3|242|206|0.8512|242|206|36|0.8512|0.1088|0.1701|2.126|0.0581|0.1091|0.1672|242|2.402| A|
268|professional_law|2|2|0|2|0|1498|1178|0.7864|1498|1178|320|0.7864|0.1911|0.0175|2.1638|0.1411|0.1798|0.3209|1498|2.6758| D|
269|logical_fallacies|3|3|0|3|0|486|417|0.858|486|417|69|0.858|0.1172|0.0109|1.894|0.0668|0.1305|0.1973|486|2.2085| B|
270|professional_psychology|0|0|2|0|2|462|353|0.7641|462|353|109|0.7641|0.1278|0.0134|1.8206|0.1719|0.1399|0.3118|462|2.2602| C|
271|professional_psychology|1|1|1|||421|352|0.8361|421|352|69|0.8361|0.1172|0.0108|0.0|0.0646|0.0655|0.1301|421|0.2473| B|
272|high_school_psychology|2|2|0|2|0|344|289|0.8401|344|289|55|0.8401|0.1136|0.026|1.9481|0.1298|0.1279|0.2577|344|2.3194| C|
273|high_school_geography|3|3|1|3|1|291|251|0.8625|291|251|40|0.8625|0.1098|0.1023|1.9534|0.086|0.0664|0.1524|291|2.2156| D|
274|anatomy|0|0|0|||346|298|0.8613|346|298|48|0.8613|0.1118|0.0121|0.0|0.1352|0.1299|0.2651|346|0.3769| D|
275|econometrics|1|1|1|||569|502|0.8822|569|502|67|0.8822|0.1167|0.0485|0.0|0.0694|0.0359|0.1053|569|0.222| D|
276|elementary_mathematics|2|2|1|2|1|404|321|0.7946|404|321|83|0.7946|0.1209|0.0117|1.9953|0.0843|0.0676|0.1519|404|2.2681| B|
277|world_religions|3|3|3|||244|206|0.8443|244|206|38|0.8443|0.1093|0.1826|0.0|0.0606|0.0829|0.1435|244|0.2528| C|
278|professional_law|0|0|0|||1394|1178|0.8451|1394|1178|216|0.8451|0.1584|0.014|0.0|0.1511|0.1307|0.2818|1394|0.4402| C|
279|high_school_world_history|1|1|2|1|2|1752|1440|0.8219|1752|1440|312|0.8219|0.1885|0.0167|1.9279|0.0939|0.1578|0.2517|1752|2.3681| B|
280|econometrics|2|2|1|2|1|568|498|0.8768|568|498|70|0.8768|0.1175|0.0104|2.0532|0.1499|0.0493|0.1992|568|2.3699| D|
281|philosophy|3|3|3|||298|248|0.8322|298|248|50|0.8322|0.1124|0.0105|0.0|0.0784|0.0691|0.1475|298|0.2599| C|
282|abstract_algebra|2|2|2|||435|0|0.0|435|0|435|0.0|0.2309|0.0104|0.0|0.0819|0.087|0.1689|435|0.3998| A|
283|conceptual_physics|0|0|0|||285|243|0.8526|285|243|42|0.8526|0.1103|0.0109|0.0|0.1426|0.1649|0.3075|285|0.4178| C|
284|professional_psychology|1|1|1|||432|352|0.8148|432|352|80|0.8148|0.1201|0.0121|0.0|0.1284|0.0523|0.1807|432|0.3008| A|
285|college_chemistry|2|2|0|2|0|380|335|0.8816|380|335|45|0.8816|0.1111|0.0139|1.9818|0.104|0.1841|0.2881|380|2.381| D|
286|miscellaneous|3|3|2|3|2|292|262|0.8973|292|262|30|0.8973|0.1073|0.0102|2.0105|0.1028|0.0963|0.1991|292|2.3169| A|
287|human_aging|0|0|1|0|1|320|261|0.8156|320|261|59|0.8156|0.1146|0.0131|1.9051|0.1915|0.0929|0.2844|320|2.3041| B|
288|security_studies|1|1|3|1|3|1078|795|0.7375|1078|795|283|0.7375|0.1791|0.0176|1.9943|0.0953|0.0857|0.181|1078|2.3544| D|
289|high_school_statistics|2|2|3|2|3|690|568|0.8232|690|568|122|0.8232|0.1314|0.0119|1.947|0.1662|0.071|0.2372|690|2.3156| A|
290|professional_psychology|3|3|2|3|2|387|353|0.9121|387|353|34|0.9121|0.1083|0.0104|1.8977|0.1154|0.0924|0.2078|387|2.2138| B|
291|high_school_computer_science|3|3|1|3|1|698|1|0.0014|698|1|697|0.0014|0.3353|0.012|1.8325|0.0992|0.0402|0.1394|698|2.3072| D|
292|elementary_mathematics|0|0|1|0|1|376|320|0.8511|376|320|56|0.8511|0.1139|0.0103|2.032|0.1994|0.042|0.2414|376|2.3873| A|
293|elementary_mathematics|1|1|1|||390|320|0.8205|390|320|70|0.8205|0.1175|0.0097|0.0|0.082|0.0435|0.1255|390|0.243| B|
294|professional_law|2|2|0|2|0|1607|1179|0.7337|1607|1179|428|0.7337|0.2284|0.0221|1.9807|0.1243|0.1819|0.3062|1607|2.5153| C|
295|elementary_mathematics|3|3|1|3|1|364|320|0.8791|364|320|44|0.8791|0.1108|0.0114|1.9734|0.1197|0.0995|0.2192|364|2.3034| B|
296|miscellaneous|0|0|2|0|2|300|262|0.8733|300|262|38|0.8733|0.1093|0.0156|1.9845|0.2017|0.144|0.3457|300|2.4395| D|
297|human_sexuality|1|1|1|||374|337|0.9011|374|337|37|0.9011|0.1091|0.0144|0.0|0.0608|0.0636|0.1244|374|0.2335| B|
298|business_ethics|2|2|1|2|1|436|384|0.8807|436|384|52|0.8807|0.1129|0.0125|2.0167|0.1359|0.0677|0.2036|436|2.3332| B|
299|international_law|3|3|0|3|0|540|440|0.8148|540|440|100|0.8148|0.1254|0.0129|1.9576|0.0542|0.1707|0.2249|540|2.3079| D|
300|high_school_physics|0|0|0|||650|529|0.8138|650|529|121|0.8138|0.1311|0.0126|0.0|0.1935|0.1648|0.3583|650|0.4894| C|
301|high_school_chemistry|1|1|2|1|2|457|379|0.8293|457|379|78|0.8293|0.1196|0.0131|1.9895|0.0934|0.1177|0.2111|457|2.3202| B|
302|miscellaneous|2|2|2|||309|262|0.8479|309|262|47|0.8479|0.1116|0.0107|0.0|0.1912|0.1019|0.2931|309|0.4047| D|
303|professional_accounting|3|3|3|||610|465|0.7623|610|465|145|0.7623|0.1377|0.0115|0.0|0.0712|0.0558|0.127|610|0.2647| B|
304|college_physics|0|0|0|||476|438|0.9202|476|438|38|0.9202|0.1093|0.013|0.0|0.1737|0.141|0.3147|476|0.424| C|
305|professional_law|1|1|0|1|0|1369|1178|0.8605|1369|1178|191|0.8605|0.1509|0.014|2.0835|0.0701|0.1792|0.2493|1369|2.4837| C|
306|college_biology|2|2|0|2|0|504|341|0.6766|504|341|163|0.6766|0.1428|0.0703|1.9294|0.1233|0.1781|0.3014|504|2.3736| B|
307|elementary_mathematics|3|3|1|3|1|400|320|0.8|400|320|80|0.8|0.1201|0.0144|1.9528|0.0756|0.0876|0.1632|400|2.2361| B|
308|miscellaneous|0|0|2|0|2|302|264|0.8742|302|264|38|0.8742|0.1093|0.0109|1.9507|0.2147|0.1192|0.3339|302|2.3939| A|
309|professional_psychology|1|1|1|||471|352|0.7473|471|352|119|0.7473|0.1305|0.0124|0.0|0.0728|0.0458|0.1186|471|0.2491| D|
310|professional_law|2|2|0|2|0|1394|1180|0.8465|1394|1180|214|0.8465|0.1578|0.0135|1.9267|0.0892|0.1448|0.234|1394|2.3185| D|
311|high_school_statistics|3|3|3|||713|569|0.798|713|569|144|0.798|0.1375|0.0129|0.0|0.1165|0.1036|0.2201|713|0.3576| B|
312|high_school_statistics|0|0|3|0|3|728|569|0.7816|728|569|159|0.7816|0.1417|0.0819|2.0269|0.2914|0.0952|0.3866|728|2.5552| C|
313|formal_logic|1|1|3|1|3|724|642|0.8867|724|642|82|0.8867|0.1206|0.011|2.068|0.0868|0.0976|0.1844|724|2.373| C|
314|clinical_knowledge|2|2|1|2|1|284|235|0.8275|284|235|49|0.8275|0.1121|0.0163|2.0081|0.113|0.0971|0.2101|284|2.3303| C|
315|professional_psychology|3|3|3|||429|352|0.8205|429|352|77|0.8205|0.1193|0.0118|0.0|0.1126|0.1255|0.2381|429|0.3574| C|
316|professional_law|0|0|0|||1508|1179|0.7818|1508|1179|329|0.7818|0.1941|0.0156|0.0|0.2054|0.1676|0.373|1508|0.5671| D|
317|professional_psychology|1|1|1|||394|352|0.8934|394|352|42|0.8934|0.1103|0.0101|0.0|0.0504|0.0462|0.0966|394|0.2069| A|
318|abstract_algebra|2|2|2|||460|354|0.7696|460|354|106|0.7696|0.127|0.0197|0.0|0.1635|0.0887|0.2522|460|0.3792| C|
319|professional_law|3|3|0|3|0|1474|1179|0.7999|1474|1179|295|0.7999|0.183|0.0177|2.0114|0.0625|0.2054|0.2679|1474|2.4623| C|
320|high_school_world_history|0|0|2|0|2|2071|1440|0.6953|2071|1440|631|0.6953|0.3072|0.0138|2.0435|0.2491|0.111|0.3601|2071|2.7108| D|
321|miscellaneous|1|1|2|1|2|342|265|0.7749|342|265|77|0.7749|0.1193|0.0104|2.0367|0.0908|0.305|0.3958|342|2.5518| D|
322|professional_law|2|2|0|2|0|1320|1177|0.8917|1320|1177|143|0.8917|0.1372|0.0123|2.152|0.1464|0.1686|0.315|1320|2.6042| D|
323|marketing|3|3|2|3|2|385|340|0.8831|385|340|45|0.8831|0.1111|0.0107|2.0249|0.1092|0.1334|0.2426|385|2.3786| B|
324|moral_scenarios|0|0|2|0|2|651|561|0.8618|651|561|90|0.8618|0.1227|0.0111|1.9595|0.2303|0.0909|0.3212|651|2.4034| C|
325|miscellaneous|1|1|2|1|2|290|262|0.9034|290|262|28|0.9034|0.1068|0.0584|1.9891|0.085|0.0912|0.1762|290|2.2721| B|
326|miscellaneous|2|2|2|||309|265|0.8576|309|265|44|0.8576|0.1108|0.0103|0.0|0.1253|0.1082|0.2335|309|0.3443| B|
327|marketing|3|3|2|3|2|393|340|0.8651|393|340|53|0.8651|0.1131|0.0136|1.9644|0.1077|0.1262|0.2339|393|2.3114| D|
328|professional_psychology|0|0|1|0|1|400|352|0.88|400|352|48|0.88|0.1118|0.0104|1.8833|0.2052|0.0788|0.284|400|2.2791| B|
329|elementary_mathematics|1|1|1|||398|320|0.804|398|320|78|0.804|0.1196|0.0098|0.0|0.0852|0.1452|0.2304|398|0.35| A|
330|conceptual_physics|2|2|0|2|0|297|244|0.8215|297|244|53|0.8215|0.1131|0.0125|1.997|0.1033|0.1848|0.2881|297|2.3982| A|
331|formal_logic|3|3|3|||871|634|0.7279|871|634|237|0.7279|0.1647|0.1794|0.0|0.1107|0.1488|0.2595|871|0.4242| B|
332|high_school_physics|0|0|0|||594|529|0.8906|594|529|65|0.8906|0.1162|0.0122|0.0|0.4453|0.1548|0.6001|594|0.7163| B|
333|professional_law|1|1|0|1|0|1398|1179|0.8433|1398|1179|219|0.8433|0.1593|0.0133|2.0946|0.0872|0.1854|0.2726|1398|2.5265| C|
334|global_facts|2|2|2|||344|275|0.7994|344|275|69|0.7994|0.1172|0.0114|0.0|0.1151|0.1284|0.2435|344|0.3607| A|
335|prehistory|3|3|3|||391|343|0.8772|391|343|48|0.8772|0.1118|0.0597|0.0|0.0625|0.0594|0.1219|391|0.2337| C|
336|moral_scenarios|0|0|2|0|2|621|561|0.9034|621|561|60|0.9034|0.1149|0.0125|2.0553|0.1593|0.1146|0.2739|621|2.4441| C|
337|moral_scenarios|1|1|2|1|2|622|560|0.9003|622|560|62|0.9003|0.1154|0.0143|1.9238|0.0503|0.1849|0.2352|622|2.2744| C|
338|philosophy|2|2|3|2|3|293|248|0.8464|293|248|45|0.8464|0.1111|0.0115|2.0085|0.1317|0.1095|0.2412|293|2.3608| D|
339|professional_accounting|3|3|3|||548|465|0.8485|548|465|83|0.8485|0.1209|0.0114|0.0|0.0887|0.0868|0.1755|548|0.2964| D|
340|philosophy|0|0|3|0|3|319|246|0.7712|319|246|73|0.7712|0.1183|0.0124|2.0535|0.1731|0.0977|0.2708|319|2.4426| D|
341|high_school_us_history|1|1|2|1|2|1642|1468|0.894|1642|1468|174|0.894|0.146|0.015|1.9052|0.0999|0.1021|0.202|1642|2.2532| B|
342|miscellaneous|2|2|2|||301|261|0.8671|301|261|40|0.8671|0.1098|0.0105|0.0|0.1227|0.1195|0.2422|301|0.352| C|
343|high_school_microeconomics|3|3|3|||450|391|0.8689|450|391|59|0.8689|0.1146|0.0102|0.0|0.0636|0.1095|0.1731|450|0.2877| D|
344|human_aging|0|0|1|0|1|295|261|0.8847|295|261|34|0.8847|0.1083|0.0123|1.9246|0.154|0.093|0.247|295|2.2799| C|
345|high_school_psychology|1|1|0|1|0|419|289|0.6897|419|289|130|0.6897|0.1336|0.0143|2.0205|0.0905|0.2082|0.2987|419|2.4528| D|
346|prehistory|2|2|3|2|3|378|344|0.9101|378|344|34|0.9101|0.1083|0.0115|2.1239|0.1249|0.0857|0.2106|378|2.4428| D|
347|miscellaneous|3|3|2|3|2|313|261|0.8339|313|261|52|0.8339|0.1129|0.011|1.9706|0.1112|0.0965|0.2077|313|2.2912| B|
348|international_law|0|0|0|||518|442|0.8533|518|442|76|0.8533|0.119|0.0131|0.0|0.2223|0.1614|0.3837|518|0.5027| B|
349|professional_law|1|1|0|1|0|1416|1177|0.8312|1416|1177|239|0.8312|0.1654|0.0571|1.9474|0.1113|0.183|0.2943|1416|2.4071| C|
350|professional_psychology|2|2|2|||461|352|0.7636|461|352|109|0.7636|0.1278|0.012|0.0|0.1015|0.0994|0.2009|461|0.3287| C|
351|moral_scenarios|3|3|2|3|2|651|561|0.8618|651|561|90|0.8618|0.1227|0.0147|1.9321|0.1013|0.135|0.2363|651|2.2911| C|
352|college_mathematics|0|0|1|0|1|484|388|0.8017|484|388|96|0.8017|0.1243|0.0109|1.8849|0.2081|0.0649|0.273|484|2.2822| C|
353|high_school_macroeconomics|1|1|0|1|0|451|369|0.8182|451|369|82|0.8182|0.1206|0.0123|2.0192|0.0908|0.2227|0.3135|451|2.4533| D|
354|medical_genetics|2|2|0|2|0|297|250|0.8418|297|250|47|0.8418|0.1116|0.0154|1.828|0.1267|0.1899|0.3166|297|2.2562| D|
355|high_school_chemistry|3|3|3|||498|379|0.761|498|379|119|0.761|0.1305|0.0257|0.0|0.0862|0.1178|0.204|498|0.3345| B|
356|logical_fallacies|0|0|0|||460|416|0.9043|460|416|44|0.9043|0.1108|0.0118|0.0|0.172|0.1703|0.3423|460|0.4531| C|
357|conceptual_physics|1|1|0|1|0|288|243|0.8438|288|243|45|0.8438|0.1111|0.014|1.918|0.0887|0.2339|0.3226|288|2.3517| B|
358|marketing|2|2|2|||379|341|0.8997|379|341|38|0.8997|0.1093|0.0283|0.0|0.1044|0.1464|0.2508|379|0.3601| A|
359|philosophy|3|3|3|||282|246|0.8723|282|246|36|0.8723|0.1088|0.0103|0.0|0.0666|0.067|0.1336|282|0.2424| C|
360|high_school_european_history|0|0|2|0|2|1899|1493|0.7862|1899|1493|406|0.7862|0.2205|0.0148|1.9949|0.2026|0.11|0.3126|1899|2.528| B|
361|high_school_psychology|1|1|0|1|0|365|289|0.7918|365|289|76|0.7918|0.119|0.0127|1.8678|0.1146|0.1817|0.2963|365|2.2831| D|
362|high_school_government_and_politics|2|2|1|2|1|482|415|0.861|482|415|67|0.861|0.1167|0.0136|2.1059|0.1702|0.0839|0.2541|482|2.4767| D|
363|conceptual_physics|3|3|0|3|0|286|244|0.8531|286|244|42|0.8531|0.1103|0.011|1.9938|0.1135|0.2073|0.3208|286|2.4249| C|
364|management|0|0|2|0|2|269|233|0.8662|269|233|36|0.8662|0.1088|0.0133|2.1139|0.2467|0.144|0.3907|269|2.6134| C|
365|high_school_macroeconomics|1|1|0|1|0|427|373|0.8735|427|373|54|0.8735|0.1134|0.0122|2.0149|0.053|0.172|0.225|427|2.3533| B|
366|security_studies|2|2|3|2|3|859|795|0.9255|859|795|64|0.9255|0.1159|0.0154|1.9588|0.1474|0.1271|0.2745|859|2.3492| B|
367|elementary_mathematics|3|3|1|3|1|397|320|0.806|397|320|77|0.806|0.1193|0.0118|2.155|0.0926|0.0499|0.1425|397|2.4168| B|
368|medical_genetics|0|0|0|||309|254|0.822|309|254|55|0.822|0.1136|0.0117|0.0|0.202|0.1794|0.3814|309|0.495| C|
369|high_school_chemistry|1|1|2|1|2|420|379|0.9024|420|379|41|0.9024|0.1101|0.0146|2.1732|0.0884|0.214|0.3024|420|2.5857| B|
370|college_medicine|2|2|3|2|3|572|446|0.7797|572|446|126|0.7797|0.1325|0.0357|2.0249|0.1171|0.1338|0.2509|572|2.4083| D|
371|human_aging|3|3|3|||306|261|0.8529|306|261|45|0.8529|0.1111|0.0114|0.0|0.1099|0.097|0.2069|306|0.318| C|
372|philosophy|0|0|3|0|3|285|246|0.8632|285|246|39|0.8632|0.1096|0.0101|1.995|0.2246|0.105|0.3296|285|2.4342| C|
373|high_school_biology|1|1|0|1|0|377|330|0.8753|377|330|47|0.8753|0.1116|0.0138|1.9979|0.1105|0.3579|0.4684|377|2.5779| B|
374|professional_law|2|2|0|2|0|1417|1178|0.8313|1417|1178|239|0.8313|0.1654|0.0398|2.099|0.14|0.2593|0.3993|1417|2.6637| D|
375|conceptual_physics|3|3|0|3|0|324|243|0.75|324|243|81|0.75|0.1204|0.0142|2.054|0.1115|0.2192|0.3307|324|2.5051| C|
376|professional_law|0|0|0|||1437|1179|0.8205|1437|1179|258|0.8205|0.1712|0.05|0.0|0.2269|0.2087|0.4356|1437|0.6068| D|
377|professional_psychology|1|1|1|||410|352|0.8585|410|352|58|0.8585|0.1144|0.0119|0.0|0.0877|0.0767|0.1644|410|0.2788| A|
378|high_school_geography|2|2|1|2|1|283|251|0.8869|283|251|32|0.8869|0.1078|0.0102|2.0318|0.1241|0.0834|0.2075|283|2.3471| D|
379|high_school_geography|3|3|1|3|1|304|248|0.8158|304|248|56|0.8158|0.1139|0.0112|1.9436|0.0704|0.0903|0.1607|304|2.2182| A|
380|professional_law|0|0|0|||1423|1178|0.8278|1423|1178|245|0.8278|0.1672|0.1233|0.0|0.3001|0.1789|0.479|1423|0.6462| C|
381|nutrition|1|1|2|1|2|382|304|0.7958|382|304|78|0.7958|0.1196|0.0153|1.9419|0.0851|0.1747|0.2598|382|2.3213| C|
382|prehistory|2|2|3|2|3|401|343|0.8554|401|343|58|0.8554|0.1144|0.0125|1.8643|0.1103|0.1029|0.2132|401|2.1919| B|
383|marketing|3|3|2|3|2|397|340|0.8564|397|340|57|0.8564|0.1141|0.0728|2.0736|0.0939|0.1084|0.2023|397|2.39| A|
384|elementary_mathematics|0|0|1|0|1|370|321|0.8676|370|321|49|0.8676|0.1121|0.0121|2.1324|0.2435|0.1384|0.3819|370|2.6264| B|
385|logical_fallacies|1|1|0|1|0|499|425|0.8517|499|425|74|0.8517|0.1185|0.0127|2.0033|0.1394|0.1776|0.317|499|2.4388| A|
386|philosophy|2|2|3|2|3|295|246|0.8339|295|246|49|0.8339|0.1121|0.0111|1.9261|0.147|0.0679|0.2149|295|2.2531| A|
387|elementary_mathematics|3|3|2|3|2|370|325|0.8784|370|325|45|0.8784|0.1111|0.0132|1.9204|0.1104|0.1413|0.2517|370|2.2832| B|
388|high_school_psychology|0|0|0|||340|290|0.8529|340|290|50|0.8529|0.1124|0.1489|0.0|0.2223|0.2017|0.424|340|0.5364| B|
389|moral_disputes|1|1|0|1|0|385|321|0.8338|385|321|64|0.8338|0.1159|0.075|1.9073|0.0544|0.2164|0.2708|385|2.294| C|
390|elementary_mathematics|2|2|2|||412|320|0.7767|412|320|92|0.7767|0.1233|0.281|0.0|0.1751|0.1109|0.286|412|0.4093| C|
391|elementary_mathematics|3|3|2|3|2|354|322|0.9096|354|322|32|0.9096|0.1078|0.1331|2.0685|0.13|0.158|0.288|354|2.4643| C|
392|professional_law|0|0|0|||1336|1178|0.8817|1336|1178|158|0.8817|0.1414|0.0158|0.0|0.2689|0.3055|0.5744|1336|0.7158| B|
393|high_school_statistics|1|1|3|1|3|751|569|0.7577|751|569|182|0.7577|0.1483|0.1584|1.9116|0.0616|0.1049|0.1665|751|2.2264| B|
394|virology|2|2|0|2|0|292|261|0.8938|292|261|31|0.8938|0.1076|0.0143|1.9553|0.1827|0.2224|0.4051|292|2.468| D|
395|management|3|3|2|3|2|277|234|0.8448|277|234|43|0.8448|0.1106|0.012|2.045|0.0957|0.1704|0.2661|277|2.4217| B|
396|professional_law|0|0|0|||1502|1178|0.7843|1502|1178|324|0.7843|0.1925|0.014|0.0|0.2263|0.2154|0.4417|1502|0.6342| C|
397|miscellaneous|1|1|2|1|2|365|262|0.7178|365|262|103|0.7178|0.1262|0.0138|2.1465|0.0714|0.1863|0.2577|365|2.5304| C|
398|nutrition|2|2|2|||344|305|0.8866|344|305|39|0.8866|0.1096|0.0728|0.0|0.1765|0.1476|0.3241|344|0.4337| A|
399|professional_law|3|3|0|3|0|1265|1177|0.9304|1265|1177|88|0.9304|0.1222|0.0131|2.0539|0.0874|0.1889|0.2763|1265|2.4524| A|
400|professional_law|0|0|0|||1346|1177|0.8744|1346|1177|169|0.8744|0.1446|0.0136|0.0|0.2264|0.2938|0.5202|1346|0.6648| A|
401|professional_accounting|1|1|3|1|3|644|465|0.722|644|465|179|0.722|0.1474|0.0153|1.9881|0.0971|0.1314|0.2285|644|2.364| C|
402|sociology|2|2|1|2|1|390|329|0.8436|390|329|61|0.8436|0.1152|0.0121|1.9882|0.146|0.0591|0.2051|390|2.3085| B|
403|college_mathematics|3|3|1|3|1|456|388|0.8509|456|388|68|0.8509|0.117|0.0138|1.8495|0.0866|0.0894|0.176|456|2.1425| A|
404|college_biology|0|0|0|||378|341|0.9021|378|341|37|0.9021|0.1091|0.0135|0.0|0.214|0.1994|0.4134|378|0.5225| B|
405|professional_law|1|1|0|1|0|1506|1178|0.7822|1506|1178|328|0.7822|0.1938|0.0232|2.1216|0.0984|0.2551|0.3535|1506|2.6689| C|
406|professional_law|2|2|0|2|0|1440|1177|0.8174|1440|1177|263|0.8174|0.1728|0.0135|1.9868|0.1655|0.1932|0.3587|1440|2.5183| B|
407|prehistory|3|3|3|||465|347|0.7462|465|347|118|0.7462|0.1303|0.0379|0.0|0.0951|0.0942|0.1893|465|0.3196| A|
408|professional_law|0|0|0|||1359|1177|0.8661|1359|1177|182|0.8661|0.1483|0.0144|0.0|0.2311|0.228|0.4591|1359|0.6074| D|
409|global_facts|1|1|2|1|2|321|275|0.8567|321|275|46|0.8567|0.1113|0.013|1.9816|0.233|0.1664|0.3994|321|2.4923| B|
410|electrical_engineering|2|2|1|2|1|363|329|0.9063|363|329|34|0.9063|0.1083|0.0105|1.9155|0.1335|0.0546|0.1881|363|2.2119| D|
411|business_ethics|3|3|1|3|1|423|384|0.9078|423|384|39|0.9078|0.1096|0.0106|2.0851|0.1225|0.0851|0.2076|423|2.4023| C|
412|college_computer_science|0|0|0|||828|1|0.0012|828|1|827|0.0012|0.3942|0.015|0.0|0.2145|0.2099|0.4244|828|0.8186| D|
413|machine_learning|0|0|0|||437|347|0.7941|437|347|90|0.7941|0.1227|0.0118|0.0|0.2175|0.2073|0.4248|437|0.5475| C|
414|conceptual_physics|1|1|0|1|0|275|244|0.8873|275|244|31|0.8873|0.1076|0.0137|2.0081|0.0957|0.2344|0.3301|275|2.4458| D|
415|high_school_psychology|2|2|0|2|0|374|290|0.7754|374|290|84|0.7754|0.1211|0.0143|2.0348|0.1816|0.2304|0.412|374|2.5679| C|
416|human_sexuality|3|3|1|3|1|417|337|0.8082|417|337|80|0.8082|0.1201|0.107|1.9664|0.0894|0.0952|0.1846|417|2.2711| D|
417|professional_law|0|0|0|||1428|1181|0.827|1428|1181|247|0.827|0.1678|0.137|0.0|0.327|0.2433|0.5703|1428|0.7381| C|
418|high_school_psychology|1|1|0|1|0|328|289|0.8811|328|289|39|0.8811|0.1096|0.0121|2.0375|0.1013|0.2282|0.3295|328|2.4766| A|
419|miscellaneous|2|2|2|||290|262|0.9034|290|262|28|0.9034|0.1068|0.0954|0.0|0.1609|0.1451|0.306|290|0.4128| C|
420|moral_scenarios|3|3|2|3|2|617|561|0.9092|617|561|56|0.9092|0.1139|0.0204|2.0689|0.1476|0.1693|0.3169|617|2.4997| A|
421|elementary_mathematics|0|0|1|0|1|389|321|0.8252|389|321|68|0.8252|0.117|0.0133|2.0453|0.2466|0.0589|0.3055|389|2.4678| C|
422|professional_law|1|1|0|1|0|1352|1178|0.8713|1352|1178|174|0.8713|0.146|0.0131|2.0387|0.1743|0.2525|0.4268|1352|2.6115| A|
423|college_physics|2|2|0|2|0|511|438|0.8571|511|438|73|0.8571|0.1183|0.0133|2.0813|0.138|0.2555|0.3935|511|2.5931| C|
424|high_school_world_history|3|3|2|3|2|1690|1440|0.8521|1690|1440|250|0.8521|0.1688|0.0399|2.0169|0.1148|0.1484|0.2632|1690|2.4489| A|
425|miscellaneous|0|0|2|0|2|297|262|0.8822|297|262|35|0.8822|0.1086|0.1286|1.9332|0.3995|0.1407|0.5402|297|2.582| B|
426|high_school_microeconomics|1|1|3|1|3|470|386|0.8213|470|386|84|0.8213|0.1211|0.0164|1.9706|0.0801|0.1296|0.2097|470|2.3014| B|
427|professional_medicine|2|2|0|2|0|1265|1096|0.8664|1265|1096|169|0.8664|0.1446|0.0132|2.0383|0.1834|0.3599|0.5433|1265|2.7262| B|
428|professional_accounting|3|3|3|||558|465|0.8333|558|465|93|0.8333|0.1235|0.0115|0.0|0.1491|0.0915|0.2406|558|0.3641| C|
429|college_biology|0|0|0|||389|341|0.8766|389|341|48|0.8766|0.1118|0.0123|0.0|0.247|0.2323|0.4793|389|0.5911| B|
430|professional_law|1|1|0|1|0|1375|1178|0.8567|1375|1178|197|0.8567|0.1527|0.0133|2.0128|0.0958|0.2402|0.336|1375|2.5015| C|
431|professional_law|2|2|0|2|0|1307|1178|0.9013|1307|1178|129|0.9013|0.1333|0.0181|1.9858|0.1207|0.2982|0.4189|1307|2.538| D|
432|high_school_chemistry|3|3|3|||418|379|0.9067|418|379|39|0.9067|0.1096|0.0108|0.0|0.0847|0.0731|0.1578|418|0.2674| B|
433|high_school_biology|0|0|0|||383|329|0.859|383|329|54|0.859|0.1134|0.3512|0.0|0.4939|0.2513|0.7452|383|0.8586| A|
434|moral_scenarios|1|1|2|1|2|626|561|0.8962|626|561|65|0.8962|0.1162|0.0144|2.0173|0.0642|0.1734|0.2376|626|2.3711| C|
435|public_relations|2|2|0|2|0|430|364|0.8465|430|364|66|0.8465|0.1164|0.0129|1.8234|0.2011|0.2965|0.4976|430|2.4374| D|
436|logical_fallacies|3|3|0|3|0|453|416|0.9183|453|416|37|0.9183|0.1091|0.1137|1.9026|0.216|0.2508|0.4668|453|2.4785| D|
437|human_aging|0|0|1|0|1|318|266|0.8365|318|266|52|0.8365|0.1129|0.015|2.0584|0.2294|0.0843|0.3137|318|2.485| D|
438|high_school_biology|1|1|1|||431|329|0.7633|431|329|102|0.7633|0.1259|0.0113|0.0|0.0836|0.0609|0.1445|431|0.2704| B|
439|high_school_world_history|2|2|2|||1952|1440|0.7377|1952|1440|512|0.7377|0.2596|0.1327|0.0|0.1434|0.1202|0.2636|1952|0.5232| A|
440|computer_security|3|3|2|3|2|532|453|0.8515|532|453|79|0.8515|0.1198|0.0115|2.1202|0.109|0.1224|0.2314|532|2.4714| D|
441|miscellaneous|0|0|2|0|2|295|264|0.8949|295|264|31|0.8949|0.1076|0.0479|2.0152|0.2665|0.1515|0.418|295|2.5408| C|
442|professional_law|1|1|0|1|0|1453|1179|0.8114|1453|1179|274|0.8114|0.1763|0.0163|2.0743|0.1732|0.2822|0.4554|1453|2.706| C|
443|professional_psychology|2|2|2|||400|352|0.88|400|352|48|0.88|0.1118|0.0114|0.0|0.1869|0.1397|0.3266|400|0.4384| B|
444|college_mathematics|3|3|1|3|1|467|390|0.8351|467|390|77|0.8351|0.1193|0.0756|2.0416|0.1113|0.0975|0.2088|467|2.3697| B|
445|moral_scenarios|0|0|2|0|2|618|561|0.9078|618|561|57|0.9078|0.1141|0.0226|1.8806|0.2507|0.1564|0.4071|618|2.4018| C|
446|security_studies|1|1|3|1|3|943|796|0.8441|943|796|147|0.8441|0.1383|0.0126|2.011|0.118|0.092|0.21|943|2.3593| A|
447|moral_disputes|2|2|0|2|0|350|318|0.9086|350|318|32|0.9086|0.1078|0.0115|1.9748|0.1533|0.255|0.4083|350|2.4909| B|
448|high_school_mathematics|3|3|1|3|1|561|495|0.8824|561|495|66|0.8824|0.1164|0.0134|1.8802|0.2203|0.0907|0.311|561|2.3076| D|
449|global_facts|0|0|2|0|2|325|281|0.8646|325|281|44|0.8646|0.1108|0.0799|2.0465|0.2573|0.3606|0.6179|325|2.7752| C|
450|miscellaneous|1|1|2|1|2|329|266|0.8085|329|266|63|0.8085|0.1157|0.045|2.1722|0.1227|0.1324|0.2551|329|2.543| A|
451|professional_psychology|2|2|2|||402|352|0.8756|402|352|50|0.8756|0.1124|0.0125|0.0|0.1654|0.1474|0.3128|402|0.4252| C|
452|virology|3|3|0|3|0|322|261|0.8106|322|261|61|0.8106|0.1152|0.0122|2.09|0.1046|0.3054|0.41|322|2.6152| B|
453|moral_scenarios|0|0|2|0|2|620|560|0.9032|620|560|60|0.9032|0.1149|0.0155|1.8932|0.2279|0.2214|0.4493|620|2.4574| A|
454|miscellaneous|1|1|2|1|2|293|262|0.8942|293|262|31|0.8942|0.1076|0.0136|2.0702|0.2675|0.2271|0.4946|293|2.6724| D|
455|high_school_chemistry|2|2|2|||443|379|0.8555|443|379|64|0.8555|0.1159|0.0119|0.0|0.1903|0.1452|0.3355|443|0.4514| D|
456|computer_security|3|3|2|3|2|495|453|0.9152|495|453|42|0.9152|0.1103|0.0114|1.9517|0.1266|0.1507|0.2773|495|2.3393| A|
457|professional_psychology|0|0|3|0|3|407|356|0.8747|407|356|51|0.8747|0.1126|0.0837|2.1816|0.2635|0.2836|0.5471|407|2.8413| D|
458|marketing|1|1|2|1|2|414|340|0.8213|414|340|74|0.8213|0.1185|0.0119|2.1087|0.074|0.1664|0.2404|414|2.4676| B|
459|clinical_knowledge|2|2|1|2|1|274|240|0.8759|274|240|34|0.8759|0.1083|0.0105|2.0358|0.1673|0.1543|0.3216|274|2.4657| D|
460|professional_law|3|3|0|3|0|1452|1178|0.8113|1452|1178|274|0.8113|0.1763|0.0149|1.9721|0.1187|0.2242|0.3429|1452|2.4913| D|
461|professional_law|0|0|0|||1528|1178|0.7709|1528|1178|350|0.7709|0.2011|0.0383|0.0|0.2295|0.2897|0.5192|1528|0.7203| D|
462|philosophy|1|1|3|1|3|298|249|0.8356|298|249|49|0.8356|0.1121|0.0129|1.8651|0.0649|0.077|0.1419|298|2.1191| C|
463|miscellaneous|2|2|2|||340|261|0.7676|340|261|79|0.7676|0.1198|0.0253|0.0|0.1893|0.1517|0.341|340|0.4608| B|
464|formal_logic|3|3|3|||826|634|0.7676|826|634|192|0.7676|0.1512|0.0124|0.0|0.112|0.0921|0.2041|826|0.3553| A|
465|professional_medicine|0|0|0|||1230|1097|0.8919|1230|1097|133|0.8919|0.1344|0.1465|0.0|0.265|0.27|0.535|1230|0.6694| D|
466|econometrics|1|1|1|||565|498|0.8814|565|498|67|0.8814|0.1167|0.0113|0.0|0.1039|0.1096|0.2135|565|0.3302| B|
467|electrical_engineering|2|2|1|2|1|388|329|0.8479|388|329|59|0.8479|0.1146|0.013|1.9625|0.1426|0.1413|0.2839|388|2.361| A|
468|electrical_engineering|3|3|1|3|1|382|329|0.8613|382|329|53|0.8613|0.1131|0.0121|2.0105|0.0914|0.0642|0.1556|382|2.2792| C|
469|prehistory|0|0|3|0|3|391|344|0.8798|391|344|47|0.8798|0.1116|0.0126|1.8185|0.3673|0.1481|0.5154|391|2.4455| A|
470|miscellaneous|1|1|2|1|2|288|262|0.9097|288|262|26|0.9097|0.1063|0.0411|1.913|0.1297|0.1685|0.2982|288|2.3175| B|
471|human_aging|2|2|3|2|3|320|262|0.8187|320|262|58|0.8187|0.1144|0.0133|2.1504|0.2314|0.108|0.3394|320|2.6042| C|
472|international_law|3|3|0|3|0|536|442|0.8246|536|442|94|0.8246|0.1238|0.0169|1.9606|0.0887|0.2546|0.3433|536|2.4277| A|
473|high_school_statistics|0|0|3|0|3|681|568|0.8341|681|568|113|0.8341|0.1289|0.101|1.9919|0.264|0.0858|0.3498|681|2.4706| D|
474|professional_law|1|1|0|1|0|1446|1178|0.8147|1446|1178|268|0.8147|0.1744|0.0213|2.0559|0.119|0.3214|0.4404|1446|2.6707| C|
475|clinical_knowledge|2|2|1|2|1|282|235|0.8333|282|235|47|0.8333|0.1116|0.0118|2.0603|0.1469|0.1726|0.3195|282|2.4914| C|
476|high_school_macroeconomics|3|3|0|3|0|453|372|0.8212|453|372|81|0.8212|0.1204|0.0132|1.8443|0.1782|0.2946|0.4728|453|2.4375| C|
477|professional_law|0|0|0|||1335|1179|0.8831|1335|1179|156|0.8831|0.1408|0.0147|0.0|0.2619|0.2444|0.5063|1335|0.6471| D|
478|professional_law|1|1|0|1|0|1698|1177|0.6932|1698|1177|521|0.6932|0.263|0.0205|1.9482|0.2696|0.3112|0.5808|1698|2.792| B|
479|business_ethics|2|2|1|2|1|432|384|0.8889|432|384|48|0.8889|0.1118|0.0131|2.0166|0.1515|0.0983|0.2498|432|2.3782| C|
480|college_physics|3|3|0|3|0|538|438|0.8141|538|438|100|0.8141|0.1254|0.0494|2.0081|0.1141|0.2843|0.3984|538|2.5319| C|
481|miscellaneous|0|0|2|0|2|352|265|0.7528|352|265|87|0.7528|0.1219|0.0129|2.0734|0.2983|0.165|0.4633|352|2.6586| B|
482|high_school_european_history|1|1|2|1|2|1664|1492|0.8966|1664|1492|172|0.8966|0.1454|0.0243|1.984|0.0947|0.2314|0.3261|1664|2.4555| C|
483|professional_law|2|2|0|2|0|1458|1178|0.808|1458|1178|280|0.808|0.1782|0.0154|2.0017|0.1995|0.2747|0.4742|1458|2.6541| B|
484|moral_disputes|3|3|0|3|0|367|319|0.8692|367|319|48|0.8692|0.1118|0.0943|1.904|0.1163|0.2856|0.4019|367|2.4177| C|
485|world_religions|0|0|3|0|3|242|207|0.8554|242|207|35|0.8554|0.1086|0.0118|1.8791|0.3249|0.1317|0.4566|242|2.4443| A|
486|high_school_chemistry|1|1|2|1|2|424|379|0.8939|424|379|45|0.8939|0.1111|0.0112|1.9905|0.1453|0.2365|0.3818|424|2.4834| B|
487|high_school_government_and_politics|2|2|1|2|1|467|415|0.8887|467|415|52|0.8887|0.1129|0.0343|2.1385|0.3434|0.1031|0.4465|467|2.6979| C|
488|high_school_macroeconomics|3|3|0|3|0|468|368|0.7863|468|368|100|0.7863|0.1254|0.0188|2.0129|0.1524|0.4199|0.5723|468|2.7106| C|
489|college_medicine|0|0|3|0|3|566|446|0.788|566|446|120|0.788|0.1308|0.0145|2.041|0.2737|0.1231|0.3968|566|2.5686| B|
490|high_school_microeconomics|1|1|3|1|3|467|391|0.8373|467|391|76|0.8373|0.119|0.0135|1.9504|0.1126|0.1194|0.232|467|2.3014| C|
491|professional_psychology|2|2|3|2|3|432|353|0.8171|432|353|79|0.8171|0.1198|0.014|1.978|0.1536|0.1386|0.2922|432|2.39| B|
492|professional_psychology|3|3|2|3|2|390|353|0.9051|390|353|37|0.9051|0.1091|0.0142|1.9591|0.142|0.1693|0.3113|390|2.3795| D|
493|professional_law|0|0|0|||1421|1177|0.8283|1421|1177|244|0.8283|0.1669|0.1797|0.0|0.2748|0.2612|0.536|1421|0.7029| D|
494|professional_law|1|1|0|1|0|1533|1178|0.7684|1533|1178|355|0.7684|0.2028|0.0154|1.9365|0.1079|0.251|0.3589|1533|2.4982| A|
495|international_law|2|2|0|2|0|502|440|0.8765|502|440|62|0.8765|0.1154|0.0157|1.9316|0.1748|0.3676|0.5424|502|2.5894| D|
496|professional_psychology|3|3|2|3|2|399|353|0.8847|399|353|46|0.8847|0.1113|0.0146|1.9556|0.1122|0.241|0.3532|399|2.4201| C|
497|professional_psychology|0|0|2|0|2|438|353|0.8059|438|353|85|0.8059|0.1214|0.011|1.9773|0.5812|0.1653|0.7465|438|2.8452| A|
498|logical_fallacies|1|1|0|1|0|476|416|0.8739|476|416|60|0.8739|0.1149|0.013|1.9546|0.1081|0.2613|0.3694|476|2.4389| B|
499|human_aging|2|2|1|2|1|300|261|0.87|300|261|39|0.87|0.1096|0.0136|2.1026|0.1987|0.0909|0.2896|300|2.5018| A|
500|prehistory|3|3|3|||419|344|0.821|419|344|75|0.821|0.1188|0.0139|0.0|0.1496|0.1139|0.2635|419|0.3823| D|
501|professional_accounting|0|0|3|0|3|566|465|0.8216|566|465|101|0.8216|0.1257|0.0124|2.026|0.2974|0.111|0.4084|566|2.5601| B|
502|high_school_physics|1|1|0|1|0|786|529|0.673|786|529|257|0.673|0.1709|0.0193|1.8806|0.106|0.3014|0.4074|786|2.4589| A|
503|conceptual_physics|2|2|0|2|0|302|243|0.8046|302|243|59|0.8046|0.1146|0.0347|1.8719|0.1952|0.2902|0.4854|302|2.4719| C|
504|professional_psychology|3|3|1|3|1|429|353|0.8228|429|353|76|0.8228|0.119|0.011|2.0346|0.1246|0.0684|0.193|429|2.3466| B|
505|prehistory|0|0|3|0|3|402|343|0.8532|402|343|59|0.8532|0.1146|0.0106|1.894|0.3128|0.1343|0.4471|402|2.4557| B|
506|high_school_government_and_politics|1|1|1|||503|419|0.833|503|419|84|0.833|0.1211|0.0118|0.0|0.1074|0.0682|0.1756|503|0.2967| C|
507|miscellaneous|2|2|2|||309|261|0.8447|309|261|48|0.8447|0.1118|0.2021|0.0|0.2625|0.1515|0.414|309|0.5258| A|
508|college_medicine|3|3|3|||500|446|0.892|500|446|54|0.892|0.1134|0.0108|0.0|0.124|0.1461|0.2701|500|0.3835| B|
509|business_ethics|0|0|1|0|1|459|385|0.8388|459|385|74|0.8388|0.1185|0.0112|2.028|0.3054|0.0734|0.3788|459|2.5253| D|
510|philosophy|1|1|3|1|3|276|246|0.8913|276|246|30|0.8913|0.1073|0.0111|2.1307|0.0918|0.1001|0.1919|276|2.4299| D|
511|us_foreign_policy|2|2|2|||376|293|0.7793|376|293|83|0.7793|0.1209|0.0124|0.0|0.209|0.1599|0.3689|376|0.4898| B|
512|marketing|3|3|2|3|2|397|341|0.8589|397|341|56|0.8589|0.1139|0.0112|2.0161|0.108|0.1792|0.2872|397|2.4172| B|
513|nutrition|0|0|2|0|2|362|304|0.8398|362|304|58|0.8398|0.1144|0.015|2.0389|0.3871|0.1408|0.5279|362|2.6812| D|
514|high_school_macroeconomics|1|1|0|1|0|418|368|0.8804|418|368|50|0.8804|0.1124|0.0188|1.8738|0.1346|0.3275|0.4621|418|2.4483| C|
515|human_sexuality|2|2|1|2|1|389|337|0.8663|389|337|52|0.8663|0.1129|0.0134|2.1264|0.197|0.1049|0.3019|389|2.5412| A|
516|management|3|3|2|3|2|280|233|0.8321|280|233|47|0.8321|0.1116|0.0124|2.1465|0.0911|0.1439|0.235|280|2.4931| D|
517|moral_scenarios|0|0|2|0|2|620|561|0.9048|620|561|59|0.9048|0.1146|0.0119|1.9625|0.3979|0.1419|0.5398|620|2.6169| C|
518|medical_genetics|1|1|0|1|0|322|250|0.7764|322|250|72|0.7764|0.118|0.4055|1.9474|0.2335|0.6419|0.8754|322|2.9408| A|
519|public_relations|2|2|0|2|0|402|364|0.9055|402|364|38|0.9055|0.1093|0.0129|2.1015|0.2166|0.2797|0.4963|402|2.7071| A|
520|college_mathematics|3|3|1|3|1|559|389|0.6959|559|389|170|0.6959|0.1448|0.0144|2.0172|0.1036|0.0876|0.1912|559|2.3532| C|
521|college_computer_science|0|0|0|||832|719|0.8642|832|719|113|0.8642|0.1289|0.1967|0.0|0.3994|0.2934|0.6928|832|0.8217| B|
522|college_medicine|1|1|3|1|3|504|447|0.8869|504|447|57|0.8869|0.1141|0.0111|2.1634|0.1118|0.1142|0.226|504|2.5035| C|
523|miscellaneous|2|2|2|||295|263|0.8915|295|263|32|0.8915|0.1078|0.257|0.0|0.1858|0.2146|0.4004|295|0.5082| A|
524|professional_psychology|3|3|2|3|2|431|353|0.819|431|353|78|0.819|0.1196|0.0146|1.9794|0.1306|0.2025|0.3331|431|2.4321| C|
525|management|0|0|2|0|2|267|233|0.8727|267|233|34|0.8727|0.1083|0.0777|2.025|0.2882|0.17|0.4582|267|2.5915| A|
526|moral_disputes|1|1|0|1|0|363|319|0.8788|363|319|44|0.8788|0.1108|0.0153|2.1071|0.1075|0.283|0.3905|363|2.6084| B|
527|marketing|2|2|2|||382|340|0.8901|382|340|42|0.8901|0.1103|0.0135|0.0|0.2055|0.2674|0.4729|382|0.5832| B|
528|high_school_mathematics|3|3|1|3|1|578|495|0.8564|578|495|83|0.8564|0.1209|0.067|2.0691|0.0946|0.0732|0.1678|578|2.3578| A|
529|moral_disputes|0|0|0|||389|318|0.8175|389|318|71|0.8175|0.1177|0.0238|0.0|0.2851|0.2649|0.55|389|0.6677| D|
530|professional_law|1|1|0|1|0|1450|1180|0.8138|1450|1180|270|0.8138|0.175|0.4293|1.9286|0.1771|0.3109|0.488|1450|2.5916| A|
531|high_school_computer_science|2|2|1|2|1|705|570|0.8085|705|570|135|0.8085|0.135|0.0175|2.0195|0.2257|0.0952|0.3209|705|2.4754| A|
532|professional_law|3|3|0|3|0|1565|1179|0.7534|1565|1179|386|0.7534|0.2135|0.0144|1.997|0.129|0.2803|0.4093|1565|2.6198| B|
533|high_school_world_history|0|0|2|0|2|1755|1440|0.8205|1755|1440|315|0.8205|0.1895|0.0161|2.0678|0.4764|0.1969|0.6733|1755|2.9306| C|
534|elementary_mathematics|1|1|1|||435|320|0.7356|435|320|115|0.7356|0.1295|0.0117|0.0|0.1254|0.1074|0.2328|435|0.3623| C|
535|moral_scenarios|2|2|2|||622|561|0.9019|622|561|61|0.9019|0.1152|0.0129|0.0|0.2108|0.182|0.3928|622|0.508| C|
536|college_physics|3|3|0|3|0|498|438|0.8795|498|438|60|0.8795|0.1149|0.015|1.9827|0.1499|0.3234|0.4733|498|2.5709| A|
537|world_religions|0|0|3|0|3|248|208|0.8387|248|208|40|0.8387|0.1098|0.0842|1.8388|0.3035|0.0951|0.3986|248|2.3472| D|
538|philosophy|1|1|3|1|3|361|246|0.6814|361|246|115|0.6814|0.1295|0.011|1.9957|0.1455|0.1168|0.2623|361|2.3875| B|
539|moral_scenarios|2|2|2|||619|563|0.9095|619|563|56|0.9095|0.1139|0.0122|0.0|0.1515|0.1551|0.3066|619|0.4205| C|
540|professional_accounting|3|3|3|||602|465|0.7724|602|465|137|0.7724|0.1355|0.0652|0.0|0.137|0.1248|0.2618|602|0.3973| B|
541|high_school_microeconomics|0|0|3|0|3|439|387|0.8815|439|387|52|0.8815|0.1129|0.0159|2.085|0.3134|0.1674|0.4808|439|2.6787| C|
542|moral_scenarios|1|1|2|1|2|623|561|0.9005|623|561|62|0.9005|0.1154|0.1605|1.9543|0.1155|0.1909|0.3064|623|2.3761| C|
543|logical_fallacies|2|2|0|2|0|460|416|0.9043|460|416|44|0.9043|0.1108|0.016|1.9364|0.1913|0.4438|0.6351|460|2.6823| C|
544|high_school_chemistry|3|3|3|||439|379|0.8633|439|379|60|0.8633|0.1149|0.0111|0.0|0.1161|0.2116|0.3277|439|0.4426| B|
545|nutrition|0|0|2|0|2|346|308|0.8902|346|308|38|0.8902|0.1093|0.0149|2.0605|0.2852|0.1845|0.4697|346|2.6395| A|
546|miscellaneous|1|1|2|1|2|304|261|0.8586|304|261|43|0.8586|0.1106|0.0126|1.921|0.1439|0.155|0.2989|304|2.3305| A|
547|clinical_knowledge|2|2|1|2|1|272|239|0.8787|272|239|33|0.8787|0.1081|0.0139|1.9618|0.1584|0.2347|0.3931|272|2.463| C|
548|high_school_macroeconomics|3|3|0|3|0|438|368|0.8402|438|368|70|0.8402|0.1175|0.0167|2.1487|0.5454|0.31|0.8554|438|3.1216| C|
549|conceptual_physics|0|0|0|||282|243|0.8617|282|243|39|0.8617|0.1096|0.0127|0.0|0.3673|0.4367|0.804|282|0.9136| D|
550|professional_law|1|1|0|1|0|1390|1179|0.8482|1390|1179|211|0.8482|0.1569|0.0144|1.8719|0.17|0.3184|0.4884|1390|2.5172| D|
551|professional_law|2|2|0|2|0|1430|1179|0.8245|1430|1179|251|0.8245|0.1691|0.0186|1.9714|0.2061|0.3335|0.5396|1430|2.6801| C|
552|logical_fallacies|3|3|0|3|0|457|417|0.9125|457|417|40|0.9125|0.1098|0.0171|2.0201|0.1522|0.3385|0.4907|457|2.6206| C|
553|professional_law|0|0|0|||1402|1178|0.8402|1402|1178|224|0.8402|0.1608|0.0152|0.0|0.3652|0.3026|0.6678|1402|0.8286| C|
554|professional_law|1|1|0|1|0|1454|1177|0.8095|1454|1177|277|0.8095|0.1772|0.0216|2.0913|0.2697|0.3073|0.577|1454|2.8455| D|
555|jurisprudence|2|2|3|2|3|422|378|0.8957|422|378|44|0.8957|0.1108|0.0155|1.864|0.2012|0.1028|0.304|422|2.2788| D|
556|conceptual_physics|3|3|0|3|0|282|243|0.8617|282|243|39|0.8617|0.1096|0.0604|1.9894|0.097|0.3278|0.4248|282|2.5238| C|
557|sociology|0|0|1|0|1|419|329|0.7852|419|329|90|0.7852|0.1227|0.0144|1.8396|0.3293|0.0764|0.4057|419|2.368| D|
558|miscellaneous|1|1|2|1|2|289|262|0.9066|289|262|27|0.9066|0.1066|0.0173|1.9177|0.128|0.1872|0.3152|289|2.3395| C|
559|miscellaneous|2|2|2|||304|263|0.8651|304|263|41|0.8651|0.1101|0.0115|0.0|0.1717|0.3424|0.5141|304|0.6242| C|
560|professional_psychology|3|3|2|3|2|424|353|0.8325|424|353|71|0.8325|0.1177|0.012|2.0781|0.136|0.1781|0.3141|424|2.5099| D|
561|professional_law|0|0|0|||1360|1178|0.8662|1360|1178|182|0.8662|0.1483|0.0167|0.0|0.3233|0.3006|0.6239|1360|0.7722| D|
562|public_relations|1|1|0|1|0|394|367|0.9315|394|367|27|0.9315|0.1066|0.0153|2.0566|0.0859|0.3716|0.4575|394|2.6207| A|
563|high_school_macroeconomics|2|2|0|2|0|424|368|0.8679|424|368|56|0.8679|0.1139|0.0138|2.0448|0.1969|0.3545|0.5514|424|2.7101| A|
564|high_school_physics|3|3|0|3|0|684|528|0.7719|684|528|156|0.7719|0.1408|0.0132|2.0309|0.1569|0.3386|0.4955|684|2.6672| A|
565|miscellaneous|0|0|2|0|2|298|262|0.8792|298|262|36|0.8792|0.1088|0.0179|1.9895|0.5038|0.2066|0.7104|298|2.8087| D|
566|high_school_geography|1|1|1|||288|247|0.8576|288|247|41|0.8576|0.1101|0.012|0.0|0.111|0.218|0.329|288|0.4391| D|
567|high_school_psychology|2|2|0|2|0|384|289|0.7526|384|289|95|0.7526|0.1241|0.1763|1.9466|0.3047|0.3248|0.6295|384|2.7002| B|
568|philosophy|3|3|3|||281|246|0.8754|281|246|35|0.8754|0.1086|0.0287|0.0|0.1019|0.1031|0.205|281|0.3136| C|
569|high_school_physics|0|0|0|||644|528|0.8199|644|528|116|0.8199|0.1297|0.0152|0.0|0.4176|0.487|0.9046|644|1.0343| C|
570|prehistory|1|1|3|1|3|447|343|0.7673|447|343|104|0.7673|0.1265|0.0515|1.9597|0.1472|0.1922|0.3394|447|2.4256| C|
571|moral_disputes|2|2|0|2|0|377|318|0.8435|377|318|59|0.8435|0.1146|0.015|1.8775|0.1957|0.4337|0.6294|377|2.6215| C|
572|high_school_mathematics|3|3|1|3|1|551|495|0.8984|551|495|56|0.8984|0.1139|0.0114|1.9201|0.0997|0.0898|0.1895|551|2.2235| B|
573|professional_psychology|0|0|1|0|1|475|352|0.7411|475|352|123|0.7411|0.1316|0.0128|1.946|0.3916|0.1379|0.5295|475|2.6071| C|
574|high_school_macroeconomics|1|1|0|1|0|423|369|0.8723|423|369|54|0.8723|0.1134|0.0133|2.0308|0.1325|0.5683|0.7008|423|2.845| C|
575|professional_medicine|2|2|0|2|0|1205|1100|0.9129|1205|1100|105|0.9129|0.1267|0.0156|2.0484|0.2092|0.2951|0.5043|1205|2.6794| A|
576|high_school_world_history|3|3|2|3|2|1917|1440|0.7512|1917|1440|477|0.7512|0.2463|0.0267|1.955|0.1005|0.4106|0.5111|1917|2.7124| C|
577|astronomy|0|0|1|0|1|387|338|0.8734|387|338|49|0.8734|0.1121|0.0153|2.1008|0.3236|0.0896|0.4132|387|2.6261| B|
578|professional_law|1|1|0|1|0|1512|1178|0.7791|1512|1178|334|0.7791|0.1958|0.2833|2.0994|0.2095|0.3119|0.5214|1512|2.8166| C|
579|management|2|2|2|||269|234|0.8699|269|234|35|0.8699|0.1086|0.012|0.0|0.2186|0.1794|0.398|269|0.5066| B|
580|astronomy|3|3|1|3|1|403|338|0.8387|403|338|65|0.8387|0.1162|0.0157|1.9313|0.1328|0.1591|0.2919|403|2.3394| C|
581|high_school_macroeconomics|0|0|0|||415|369|0.8892|415|369|46|0.8892|0.1113|0.0138|0.0|0.323|0.2887|0.6117|415|0.723| C|
582|astronomy|1|1|1|||389|338|0.8689|389|338|51|0.8689|0.1126|0.0124|0.0|0.1166|0.1048|0.2214|389|0.334| D|
583|college_biology|2|2|0|2|0|423|341|0.8061|423|341|82|0.8061|0.1206|0.0122|2.0595|0.2192|0.3067|0.5259|423|2.706| A|
584|miscellaneous|3|3|2|3|2|288|265|0.9201|288|265|23|0.9201|0.1056|0.0116|2.0733|0.1339|0.1962|0.3301|288|2.509| D|
585|sociology|0|0|1|0|1|439|329|0.7494|439|329|110|0.7494|0.1281|0.0136|2.0887|0.6756|0.1174|0.793|439|3.0098| C|
586|philosophy|1|1|3|1|3|291|246|0.8454|291|246|45|0.8454|0.1111|0.3684|2.002|0.0828|0.1328|0.2156|291|2.3287| C|
587|high_school_world_history|2|2|2|||1632|1440|0.8824|1632|1440|192|0.8824|0.1512|0.0142|0.0|0.2462|0.1644|0.4106|1632|0.5618| C|
588|sociology|3|3|1|3|1|379|329|0.8681|379|329|50|0.8681|0.1124|0.0126|1.9886|0.1387|0.0824|0.2211|379|2.3221| B|
589|high_school_government_and_politics|0|0|1|0|1|487|419|0.8604|487|419|68|0.8604|0.117|0.0149|2.0096|0.3671|0.1037|0.4708|487|2.5974| B|
590|elementary_mathematics|1|1|1|||449|320|0.7127|449|320|129|0.7127|0.1333|0.0107|0.0|0.0878|0.082|0.1698|449|0.3031| A|
591|human_aging|2|2|1|2|1|305|265|0.8689|305|265|40|0.8689|0.1098|0.0109|1.9819|0.2048|0.1051|0.3099|305|2.4016| C|
592|miscellaneous|3|3|2|3|2|309|262|0.8479|309|262|47|0.8479|0.1116|0.016|1.9643|0.1095|0.2266|0.3361|309|2.412| C|
593|moral_disputes|0|0|0|||398|318|0.799|398|318|80|0.799|0.1201|0.3564|0.0|0.3992|0.359|0.7582|398|0.8783| D|
594|high_school_government_and_politics|1|1|1|||514|416|0.8093|514|416|98|0.8093|0.1249|0.0113|0.0|0.0979|0.1114|0.2093|514|0.3342| D|
595|miscellaneous|2|2|2|||308|262|0.8506|308|262|46|0.8506|0.1113|0.0118|0.0|0.2003|0.1767|0.377|308|0.4883| C|
596|professional_law|3|3|0|3|0|1491|1178|0.7901|1491|1178|313|0.7901|0.1888|0.0154|2.1294|0.1875|0.332|0.5195|1491|2.8377| D|
597|miscellaneous|0|0|2|0|2|289|265|0.917|289|265|24|0.917|0.1058|0.0128|2.1373|0.363|0.1639|0.5269|289|2.77| C|
598|professional_psychology|1|1|1|||426|353|0.8286|426|353|73|0.8286|0.1183|0.1283|0.0|0.0886|0.1049|0.1935|426|0.3118| A|
599|moral_disputes|2|2|0|2|0|370|318|0.8595|370|318|52|0.8595|0.1129|0.3175|1.9991|0.2906|0.3139|0.6045|370|2.7165| D|
600|moral_scenarios|3|3|2|3|2|623|561|0.9005|623|561|62|0.9005|0.1154|0.1905|2.0154|0.1534|0.1648|0.3182|623|2.449| C|
601|nutrition|0|0|2|0|2|361|304|0.8421|361|304|57|0.8421|0.1141|0.1861|2.0503|0.5066|0.1651|0.6717|361|2.8361| C|
602|professional_law|1|1|0|1|0|1615|1178|0.7294|1615|1178|437|0.7294|0.2316|0.0207|1.8172|0.1086|0.3637|0.4723|1615|2.5211| D|
603|professional_law|2|2|0|2|0|1436|1180|0.8217|1436|1180|256|0.8217|0.1706|0.0187|1.966|0.2436|0.5178|0.7614|1436|2.898| A|
604|security_studies|3|3|3|||997|796|0.7984|997|796|201|0.7984|0.1539|0.1424|0.0|0.1475|0.0996|0.2471|997|0.401| D|
605|logical_fallacies|0|0|0|||474|417|0.8797|474|417|57|0.8797|0.1141|0.0767|0.0|0.4298|0.3125|0.7423|474|0.8564| D|
606|astronomy|1|1|1|||413|338|0.8184|413|338|75|0.8184|0.1188|0.4462|0.0|0.1217|0.1476|0.2693|413|0.3881| B|
607|logical_fallacies|2|2|0|2|0|493|416|0.8438|493|416|77|0.8438|0.1193|0.0329|1.9503|0.187|0.5639|0.7509|493|2.8205| D|
608|world_religions|3|3|3|||241|206|0.8548|241|206|35|0.8548|0.1086|0.0113|0.0|0.1592|0.1176|0.2768|241|0.3854| C|
609|professional_psychology|0|0|1|0|1|405|352|0.8691|405|352|53|0.8691|0.1131|0.0132|1.899|0.5928|0.115|0.7078|405|2.7199| B|
610|miscellaneous|1|1|2|1|2|301|261|0.8671|301|261|40|0.8671|0.1098|0.0142|1.9988|0.1095|0.2803|0.3898|301|2.4984| A|
611|moral_scenarios|2|2|2|||620|561|0.9048|620|561|59|0.9048|0.1146|0.0142|0.0|0.2101|0.264|0.4741|620|0.5887| C|
612|college_physics|3|3|0|3|0|544|439|0.807|544|439|105|0.807|0.1267|0.0132|2.0225|0.1189|0.3537|0.4726|544|2.6218| C|
613|high_school_chemistry|0|0|2|0|2|465|380|0.8172|465|380|85|0.8172|0.1214|0.012|2.042|0.3869|0.1683|0.5552|465|2.7186| A|
614|nutrition|1|1|2|1|2|377|305|0.809|377|305|72|0.809|0.118|0.0115|2.0195|0.1192|0.1847|0.3039|377|2.4414| D|
615|high_school_world_history|2|2|2|||1863|1441|0.7735|1863|1441|422|0.7735|0.2262|0.0149|0.0|0.2152|0.3226|0.5378|1863|0.764| B|
616|high_school_statistics|3|3|3|||704|569|0.8082|704|569|135|0.8082|0.135|0.0121|0.0|0.1375|0.117|0.2545|704|0.3895| C|
617|clinical_knowledge|0|0|1|0|1|272|235|0.864|272|235|37|0.864|0.1091|0.0493|2.002|0.3734|0.1195|0.4929|272|2.604| C|
618|abstract_algebra|1|1|2|1|2|415|350|0.8434|415|350|65|0.8434|0.1162|0.0148|2.1227|0.1687|0.34|0.5087|415|2.7476| C|
619|high_school_geography|2|2|1|2|1|291|247|0.8488|291|247|44|0.8488|0.1108|0.0689|2.0093|0.2224|0.089|0.3114|291|2.4315| C|
620|high_school_government_and_politics|3|3|1|3|1|467|417|0.8929|467|417|50|0.8929|0.1124|0.0125|1.8995|0.2564|0.1215|0.3779|467|2.3898| B|
621|high_school_psychology|0|0|0|||373|289|0.7748|373|289|84|0.7748|0.1211|0.2811|0.0|0.5032|0.3609|0.8641|373|0.9852| B|
622|professional_medicine|1|1|0|1|0|1307|1096|0.8386|1307|1096|211|0.8386|0.1569|0.0298|2.0487|0.1652|0.3666|0.5318|1307|2.7374| B|
623|electrical_engineering|2|2|1|2|1|360|329|0.9139|360|329|31|0.9139|0.1076|0.0143|2.06|0.2122|0.1166|0.3288|360|2.4964| C|
624|professional_law|3|3|0|3|0|1541|1182|0.767|1541|1182|359|0.767|0.2042|0.0177|1.9443|0.1103|0.5692|0.6795|1541|2.828| A|
625|moral_scenarios|0|0|2|0|2|613|561|0.9152|613|561|52|0.9152|0.1129|0.0158|2.0098|0.3929|0.1794|0.5723|613|2.695| A|
626|professional_psychology|1|1|1|||402|352|0.8756|402|352|50|0.8756|0.1124|0.1101|0.0|0.1958|0.1249|0.3207|402|0.4331| A|
627|nutrition|2|2|2|||435|308|0.708|435|308|127|0.708|0.1327|0.0135|0.0|0.2136|0.1962|0.4098|435|0.5425| A|
628|professional_law|3|3|0|3|0|1354|1178|0.87|1354|1178|176|0.87|0.1466|0.0186|2.1443|0.1394|0.391|0.5304|1354|2.8213| A|
629|high_school_psychology|0|0|0|||339|293|0.8643|339|293|46|0.8643|0.1113|0.0169|0.0|0.4304|0.3756|0.806|339|0.9173| B|
630|high_school_mathematics|1|1|1|||598|495|0.8278|598|495|103|0.8278|0.1262|0.0122|0.0|0.1275|0.1285|0.256|598|0.3822| A|
631|college_medicine|2|2|3|2|3|487|446|0.9158|487|446|41|0.9158|0.1101|0.0184|2.0897|0.3253|0.1279|0.4532|487|2.653| C|
632|elementary_mathematics|3|3|1|3|1|384|321|0.8359|384|321|63|0.8359|0.1157|0.011|1.8767|0.1454|0.1207|0.2661|384|2.2585| B|
633|professional_psychology|0|0|1|0|1|396|352|0.8889|396|352|44|0.8889|0.1108|0.0945|2.0619|0.384|0.1437|0.5277|396|2.7004| A|
634|professional_law|1|1|0|1|0|1481|1179|0.7961|1481|1179|302|0.7961|0.1852|0.286|1.9484|0.1104|0.5143|0.6247|1481|2.7583| B|
635|high_school_psychology|2|2|0|2|0|328|289|0.8811|328|289|39|0.8811|0.1096|0.0126|1.8503|0.2126|0.5666|0.7792|328|2.7391| A|
636|moral_scenarios|3|3|2|3|2|624|561|0.899|624|561|63|0.899|0.1157|0.0148|1.9435|0.1328|0.2422|0.375|624|2.4342| A|
637|professional_law|0|0|0|||1385|1179|0.8513|1385|1179|206|0.8513|0.1554|0.0878|0.0|0.3569|0.6676|1.0245|1385|1.1799| B|
638|moral_disputes|1|1|0|1|0|367|318|0.8665|367|318|49|0.8665|0.1121|0.0129|2.1726|0.1473|0.3563|0.5036|367|2.7883| D|
639|elementary_mathematics|2|2|2|||398|320|0.804|398|320|78|0.804|0.1196|0.0352|0.0|0.2413|0.3219|0.5632|398|0.6828| B|
640|professional_law|3|3|0|3|0|1355|1179|0.8701|1355|1179|176|0.8701|0.1466|0.0192|1.9649|0.1804|0.3634|0.5438|1355|2.6553| D|
641|college_medicine|0|0|3|0|3|490|447|0.9122|490|447|43|0.9122|0.1106|0.0139|1.9152|0.4515|0.2236|0.6751|490|2.7009| D|
642|high_school_macroeconomics|1|1|0|1|0|429|369|0.8601|429|369|60|0.8601|0.1149|0.0141|1.998|0.1629|0.3659|0.5288|429|2.6417| C|
643|professional_law|2|2|0|2|0|1455|1178|0.8096|1455|1178|277|0.8096|0.1772|0.0159|2.0791|0.2023|0.3534|0.5557|1455|2.812| B|
644|miscellaneous|3|3|2|3|2|293|262|0.8942|293|262|31|0.8942|0.1076|0.0115|1.8317|0.1704|0.2117|0.3821|293|2.3214| B|
645|moral_scenarios|0|0|2|0|2|617|561|0.9092|617|561|56|0.9092|0.1139|0.0131|2.0244|0.4056|0.2253|0.6309|617|2.7692| B|
646|professional_law|1|1|0|1|0|1393|1178|0.8457|1393|1178|215|0.8457|0.1581|0.249|2.0585|0.2824|0.8161|1.0985|1393|3.3151| D|
647|high_school_geography|2|2|1|2|1|295|247|0.8373|295|247|48|0.8373|0.1118|0.0171|2.0743|0.2105|0.1692|0.3797|295|2.5658| D|
648|miscellaneous|3|3|2|3|2|381|261|0.685|381|261|120|0.685|0.1308|0.0633|2.14|0.1772|0.206|0.3832|381|2.654| A|
649|miscellaneous|0|0|2|0|2|301|262|0.8704|301|262|39|0.8704|0.1096|0.011|2.0666|0.3902|0.2339|0.6241|301|2.8003| C|
650|philosophy|1|1|3|1|3|289|248|0.8581|289|248|41|0.8581|0.1101|0.0216|1.879|0.1332|0.3473|0.4805|289|2.4696| A|
651|professional_law|2|2|0|2|0|1216|1181|0.9712|1216|1181|35|0.9712|0.1086|0.0167|2.002|0.3456|0.4037|0.7493|1216|2.8599| C|
652|high_school_european_history|3|3|2|3|2|2015|1493|0.7409|2015|1493|522|0.7409|0.2634|0.0379|2.097|0.1528|0.2281|0.3809|2015|2.7413| A|
653|philosophy|0|0|3|0|3|302|246|0.8146|302|246|56|0.8146|0.1139|0.0462|1.8741|0.46|0.1243|0.5843|302|2.5723| C|
654|elementary_mathematics|1|1|1|||409|321|0.7848|409|321|88|0.7848|0.1222|0.0492|0.0|0.1655|0.1217|0.2872|409|0.4094| C|
655|elementary_mathematics|2|2|1|2|1|393|321|0.8168|393|321|72|0.8168|0.118|0.1402|1.9372|0.2058|0.0977|0.3035|393|2.3587| B|
656|miscellaneous|3|3|2|3|2|297|264|0.8889|297|264|33|0.8889|0.1081|0.0167|1.9913|0.1987|0.217|0.4157|297|2.5151| B|
